split,category,filename,width,height
bottle,test,bottle\test\broken_large\000.jpg,640,640
bottle,test,bottle\test\broken_large\001.jpg,640,640
bottle,test,bottle\test\broken_large\002.jpg,640,640
bottle,test,bottle\test\broken_large\003.jpg,640,640
bottle,test,bottle\test\broken_large\004.jpg,640,640
bottle,test,bottle\test\broken_large\005.jpg,640,640
bottle,test,bottle\test\broken_large\006.jpg,640,640
bottle,test,bottle\test\broken_large\007.jpg,640,640
bottle,test,bottle\test\broken_large\008.jpg,640,640
bottle,test,bottle\test\broken_large\009.jpg,640,640
bottle,test,bottle\test\broken_large\010.jpg,640,640
bottle,test,bottle\test\broken_large\011.jpg,640,640
bottle,test,bottle\test\broken_large\012.jpg,640,640
bottle,test,bottle\test\broken_large\013.jpg,640,640
bottle,test,bottle\test\broken_large\014.jpg,640,640
bottle,test,bottle\test\broken_large\015.jpg,640,640
bottle,test,bottle\test\broken_large\016.jpg,640,640
bottle,test,bottle\test\broken_large\017.jpg,640,640
bottle,test,bottle\test\broken_large\018.jpg,640,640
bottle,test,bottle\test\broken_large\019.jpg,640,640
bottle,test,bottle\test\broken_small\000.jpg,640,640
bottle,test,bottle\test\broken_small\001.jpg,640,640
bottle,test,bottle\test\broken_small\002.jpg,640,640
bottle,test,bottle\test\broken_small\003.jpg,640,640
bottle,test,bottle\test\broken_small\004.jpg,640,640
bottle,test,bottle\test\broken_small\005.jpg,640,640
bottle,test,bottle\test\broken_small\006.jpg,640,640
bottle,test,bottle\test\broken_small\007.jpg,640,640
bottle,test,bottle\test\broken_small\008.jpg,640,640
bottle,test,bottle\test\broken_small\009.jpg,640,640
bottle,test,bottle\test\broken_small\010.jpg,640,640
bottle,test,bottle\test\broken_small\011.jpg,640,640
bottle,test,bottle\test\broken_small\012.jpg,640,640
bottle,test,bottle\test\broken_small\013.jpg,640,640
bottle,test,bottle\test\broken_small\014.jpg,640,640
bottle,test,bottle\test\broken_small\015.jpg,640,640
bottle,test,bottle\test\broken_small\016.jpg,640,640
bottle,test,bottle\test\broken_small\017.jpg,640,640
bottle,test,bottle\test\broken_small\018.jpg,640,640
bottle,test,bottle\test\broken_small\019.jpg,640,640
bottle,test,bottle\test\broken_small\020.jpg,640,640
bottle,test,bottle\test\broken_small\021.jpg,640,640
bottle,test,bottle\test\contamination\000.jpg,640,640
bottle,test,bottle\test\contamination\001.jpg,640,640
bottle,test,bottle\test\contamination\002.jpg,640,640
bottle,test,bottle\test\contamination\003.jpg,640,640
bottle,test,bottle\test\contamination\004.jpg,640,640
bottle,test,bottle\test\contamination\005.jpg,640,640
bottle,test,bottle\test\contamination\006.jpg,640,640
bottle,test,bottle\test\contamination\007.jpg,640,640
bottle,test,bottle\test\contamination\008.jpg,640,640
bottle,test,bottle\test\contamination\009.jpg,640,640
bottle,test,bottle\test\contamination\010.jpg,640,640
bottle,test,bottle\test\contamination\011.jpg,640,640
bottle,test,bottle\test\contamination\012.jpg,640,640
bottle,test,bottle\test\contamination\013.jpg,640,640
bottle,test,bottle\test\contamination\014.jpg,640,640
bottle,test,bottle\test\contamination\015.jpg,640,640
bottle,test,bottle\test\contamination\016.jpg,640,640
bottle,test,bottle\test\contamination\017.jpg,640,640
bottle,test,bottle\test\contamination\018.jpg,640,640
bottle,test,bottle\test\contamination\019.jpg,640,640
bottle,test,bottle\test\contamination\020.jpg,640,640
bottle,test,bottle\test\good\000.jpg,640,640
bottle,test,bottle\test\good\001.jpg,640,640
bottle,test,bottle\test\good\002.jpg,640,640
bottle,test,bottle\test\good\003.jpg,640,640
bottle,test,bottle\test\good\004.jpg,640,640
bottle,test,bottle\test\good\005.jpg,640,640
bottle,test,bottle\test\good\006.jpg,640,640
bottle,test,bottle\test\good\007.jpg,640,640
bottle,test,bottle\test\good\008.jpg,640,640
bottle,test,bottle\test\good\009.jpg,640,640
bottle,test,bottle\test\good\010.jpg,640,640
bottle,test,bottle\test\good\011.jpg,640,640
bottle,test,bottle\test\good\012.jpg,640,640
bottle,test,bottle\test\good\013.jpg,640,640
bottle,test,bottle\test\good\014.jpg,640,640
bottle,test,bottle\test\good\015.jpg,640,640
bottle,test,bottle\test\good\016.jpg,640,640
bottle,test,bottle\test\good\017.jpg,640,640
bottle,test,bottle\test\good\018.jpg,640,640
bottle,test,bottle\test\good\019.jpg,640,640
bottle,train,bottle\train\good\000.jpg,640,640
bottle,train,bottle\train\good\001.jpg,640,640
bottle,train,bottle\train\good\002.jpg,640,640
bottle,train,bottle\train\good\003.jpg,640,640
bottle,train,bottle\train\good\004.jpg,640,640
bottle,train,bottle\train\good\005.jpg,640,640
bottle,train,bottle\train\good\006.jpg,640,640
bottle,train,bottle\train\good\007.jpg,640,640
bottle,train,bottle\train\good\008.jpg,640,640
bottle,train,bottle\train\good\009.jpg,640,640
bottle,train,bottle\train\good\010.jpg,640,640
bottle,train,bottle\train\good\011.jpg,640,640
bottle,train,bottle\train\good\012.jpg,640,640
bottle,train,bottle\train\good\013.jpg,640,640
bottle,train,bottle\train\good\014.jpg,640,640
bottle,train,bottle\train\good\015.jpg,640,640
bottle,train,bottle\train\good\016.jpg,640,640
bottle,train,bottle\train\good\017.jpg,640,640
bottle,train,bottle\train\good\018.jpg,640,640
bottle,train,bottle\train\good\019.jpg,640,640
bottle,train,bottle\train\good\020.jpg,640,640
bottle,train,bottle\train\good\021.jpg,640,640
bottle,train,bottle\train\good\022.jpg,640,640
bottle,train,bottle\train\good\023.jpg,640,640
bottle,train,bottle\train\good\024.jpg,640,640
bottle,train,bottle\train\good\025.jpg,640,640
bottle,train,bottle\train\good\026.jpg,640,640
bottle,train,bottle\train\good\027.jpg,640,640
bottle,train,bottle\train\good\028.jpg,640,640
bottle,train,bottle\train\good\029.jpg,640,640
bottle,train,bottle\train\good\030.jpg,640,640
bottle,train,bottle\train\good\031.jpg,640,640
bottle,train,bottle\train\good\032.jpg,640,640
bottle,train,bottle\train\good\033.jpg,640,640
bottle,train,bottle\train\good\034.jpg,640,640
bottle,train,bottle\train\good\035.jpg,640,640
bottle,train,bottle\train\good\036.jpg,640,640
bottle,train,bottle\train\good\037.jpg,640,640
bottle,train,bottle\train\good\038.jpg,640,640
bottle,train,bottle\train\good\039.jpg,640,640
bottle,train,bottle\train\good\040.jpg,640,640
bottle,train,bottle\train\good\041.jpg,640,640
bottle,train,bottle\train\good\042.jpg,640,640
bottle,train,bottle\train\good\043.jpg,640,640
bottle,train,bottle\train\good\044.jpg,640,640
bottle,train,bottle\train\good\045.jpg,640,640
bottle,train,bottle\train\good\046.jpg,640,640
bottle,train,bottle\train\good\047.jpg,640,640
bottle,train,bottle\train\good\048.jpg,640,640
bottle,train,bottle\train\good\049.jpg,640,640
bottle,train,bottle\train\good\050.jpg,640,640
bottle,train,bottle\train\good\051.jpg,640,640
bottle,train,bottle\train\good\052.jpg,640,640
bottle,train,bottle\train\good\053.jpg,640,640
bottle,train,bottle\train\good\054.jpg,640,640
bottle,train,bottle\train\good\055.jpg,640,640
bottle,train,bottle\train\good\056.jpg,640,640
bottle,train,bottle\train\good\057.jpg,640,640
bottle,train,bottle\train\good\058.jpg,640,640
bottle,train,bottle\train\good\059.jpg,640,640
bottle,train,bottle\train\good\060.jpg,640,640
bottle,train,bottle\train\good\061.jpg,640,640
bottle,train,bottle\train\good\062.jpg,640,640
bottle,train,bottle\train\good\063.jpg,640,640
bottle,train,bottle\train\good\064.jpg,640,640
bottle,train,bottle\train\good\065.jpg,640,640
bottle,train,bottle\train\good\066.jpg,640,640
bottle,train,bottle\train\good\067.jpg,640,640
bottle,train,bottle\train\good\068.jpg,640,640
bottle,train,bottle\train\good\069.jpg,640,640
bottle,train,bottle\train\good\070.jpg,640,640
bottle,train,bottle\train\good\071.jpg,640,640
bottle,train,bottle\train\good\072.jpg,640,640
bottle,train,bottle\train\good\073.jpg,640,640
bottle,train,bottle\train\good\074.jpg,640,640
bottle,train,bottle\train\good\075.jpg,640,640
bottle,train,bottle\train\good\076.jpg,640,640
bottle,train,bottle\train\good\077.jpg,640,640
bottle,train,bottle\train\good\078.jpg,640,640
bottle,train,bottle\train\good\079.jpg,640,640
bottle,train,bottle\train\good\080.jpg,640,640
bottle,train,bottle\train\good\081.jpg,640,640
bottle,train,bottle\train\good\082.jpg,640,640
bottle,train,bottle\train\good\083.jpg,640,640
bottle,train,bottle\train\good\084.jpg,640,640
bottle,train,bottle\train\good\085.jpg,640,640
bottle,train,bottle\train\good\086.jpg,640,640
bottle,train,bottle\train\good\087.jpg,640,640
bottle,train,bottle\train\good\088.jpg,640,640
bottle,train,bottle\train\good\089.jpg,640,640
bottle,train,bottle\train\good\090.jpg,640,640
bottle,train,bottle\train\good\091.jpg,640,640
bottle,train,bottle\train\good\092.jpg,640,640
bottle,train,bottle\train\good\093.jpg,640,640
bottle,train,bottle\train\good\094.jpg,640,640
bottle,train,bottle\train\good\095.jpg,640,640
bottle,train,bottle\train\good\096.jpg,640,640
bottle,train,bottle\train\good\097.jpg,640,640
bottle,train,bottle\train\good\098.jpg,640,640
bottle,train,bottle\train\good\099.jpg,640,640
bottle,train,bottle\train\good\100.jpg,640,640
bottle,train,bottle\train\good\101.jpg,640,640
bottle,train,bottle\train\good\102.jpg,640,640
bottle,train,bottle\train\good\103.jpg,640,640
bottle,train,bottle\train\good\104.jpg,640,640
bottle,train,bottle\train\good\105.jpg,640,640
bottle,train,bottle\train\good\106.jpg,640,640
bottle,train,bottle\train\good\107.jpg,640,640
bottle,train,bottle\train\good\108.jpg,640,640
bottle,train,bottle\train\good\109.jpg,640,640
bottle,train,bottle\train\good\110.jpg,640,640
bottle,train,bottle\train\good\111.jpg,640,640
bottle,train,bottle\train\good\112.jpg,640,640
bottle,train,bottle\train\good\113.jpg,640,640
bottle,train,bottle\train\good\114.jpg,640,640
bottle,train,bottle\train\good\115.jpg,640,640
bottle,train,bottle\train\good\116.jpg,640,640
bottle,train,bottle\train\good\117.jpg,640,640
bottle,train,bottle\train\good\118.jpg,640,640
bottle,train,bottle\train\good\119.jpg,640,640
bottle,train,bottle\train\good\120.jpg,640,640
bottle,train,bottle\train\good\121.jpg,640,640
bottle,train,bottle\train\good\122.jpg,640,640
bottle,train,bottle\train\good\123.jpg,640,640
bottle,train,bottle\train\good\124.jpg,640,640
bottle,train,bottle\train\good\125.jpg,640,640
bottle,train,bottle\train\good\126.jpg,640,640
bottle,train,bottle\train\good\127.jpg,640,640
bottle,train,bottle\train\good\128.jpg,640,640
bottle,train,bottle\train\good\129.jpg,640,640
bottle,train,bottle\train\good\130.jpg,640,640
bottle,train,bottle\train\good\131.jpg,640,640
bottle,train,bottle\train\good\132.jpg,640,640
bottle,train,bottle\train\good\133.jpg,640,640
bottle,train,bottle\train\good\134.jpg,640,640
bottle,train,bottle\train\good\135.jpg,640,640
bottle,train,bottle\train\good\136.jpg,640,640
bottle,train,bottle\train\good\137.jpg,640,640
bottle,train,bottle\train\good\138.jpg,640,640
bottle,train,bottle\train\good\139.jpg,640,640
bottle,train,bottle\train\good\140.jpg,640,640
bottle,train,bottle\train\good\141.jpg,640,640
bottle,train,bottle\train\good\142.jpg,640,640
bottle,train,bottle\train\good\143.jpg,640,640
bottle,train,bottle\train\good\144.jpg,640,640
bottle,train,bottle\train\good\145.jpg,640,640
bottle,train,bottle\train\good\146.jpg,640,640
bottle,train,bottle\train\good\147.jpg,640,640
bottle,train,bottle\train\good\148.jpg,640,640
bottle,train,bottle\train\good\149.jpg,640,640
bottle,train,bottle\train\good\150.jpg,640,640
bottle,train,bottle\train\good\151.jpg,640,640
bottle,train,bottle\train\good\152.jpg,640,640
bottle,train,bottle\train\good\153.jpg,640,640
bottle,train,bottle\train\good\154.jpg,640,640
bottle,train,bottle\train\good\155.jpg,640,640
bottle,train,bottle\train\good\156.jpg,640,640
bottle,train,bottle\train\good\157.jpg,640,640
bottle,train,bottle\train\good\158.jpg,640,640
bottle,train,bottle\train\good\159.jpg,640,640
bottle,train,bottle\train\good\160.jpg,640,640
bottle,train,bottle\train\good\161.jpg,640,640
bottle,train,bottle\train\good\162.jpg,640,640
bottle,train,bottle\train\good\163.jpg,640,640
bottle,train,bottle\train\good\164.jpg,640,640
bottle,train,bottle\train\good\165.jpg,640,640
bottle,train,bottle\train\good\166.jpg,640,640
bottle,train,bottle\train\good\167.jpg,640,640
bottle,train,bottle\train\good\168.jpg,640,640
bottle,train,bottle\train\good\169.jpg,640,640
bottle,train,bottle\train\good\170.jpg,640,640
bottle,train,bottle\train\good\171.jpg,640,640
bottle,train,bottle\train\good\172.jpg,640,640
bottle,train,bottle\train\good\173.jpg,640,640
bottle,train,bottle\train\good\174.jpg,640,640
bottle,train,bottle\train\good\175.jpg,640,640
bottle,train,bottle\train\good\176.jpg,640,640
bottle,train,bottle\train\good\177.jpg,640,640
bottle,train,bottle\train\good\178.jpg,640,640
bottle,train,bottle\train\good\179.jpg,640,640
bottle,train,bottle\train\good\180.jpg,640,640
bottle,train,bottle\train\good\181.jpg,640,640
bottle,train,bottle\train\good\182.jpg,640,640
bottle,train,bottle\train\good\183.jpg,640,640
bottle,train,bottle\train\good\184.jpg,640,640
bottle,train,bottle\train\good\185.jpg,640,640
bottle,train,bottle\train\good\186.jpg,640,640
bottle,train,bottle\train\good\187.jpg,640,640
bottle,train,bottle\train\good\188.jpg,640,640
bottle,train,bottle\train\good\189.jpg,640,640
bottle,train,bottle\train\good\190.jpg,640,640
bottle,train,bottle\train\good\191.jpg,640,640
bottle,train,bottle\train\good\192.jpg,640,640
bottle,train,bottle\train\good\193.jpg,640,640
bottle,train,bottle\train\good\194.jpg,640,640
bottle,train,bottle\train\good\195.jpg,640,640
bottle,train,bottle\train\good\196.jpg,640,640
bottle,train,bottle\train\good\197.jpg,640,640
bottle,train,bottle\train\good\198.jpg,640,640
bottle,train,bottle\train\good\199.jpg,640,640
bottle,train,bottle\train\good\200.jpg,640,640
bottle,train,bottle\train\good\201.jpg,640,640
bottle,train,bottle\train\good\202.jpg,640,640
bottle,train,bottle\train\good\203.jpg,640,640
bottle,train,bottle\train\good\204.jpg,640,640
bottle,train,bottle\train\good\205.jpg,640,640
bottle,train,bottle\train\good\206.jpg,640,640
bottle,train,bottle\train\good\207.jpg,640,640
bottle,train,bottle\train\good\208.jpg,640,640
cable,test,cable\test\bent_wire\000.jpg,640,640
cable,test,cable\test\bent_wire\001.jpg,640,640
cable,test,cable\test\bent_wire\002.jpg,640,640
cable,test,cable\test\bent_wire\003.jpg,640,640
cable,test,cable\test\bent_wire\004.jpg,640,640
cable,test,cable\test\bent_wire\005.jpg,640,640
cable,test,cable\test\bent_wire\006.jpg,640,640
cable,test,cable\test\bent_wire\007.jpg,640,640
cable,test,cable\test\bent_wire\008.jpg,640,640
cable,test,cable\test\bent_wire\009.jpg,640,640
cable,test,cable\test\bent_wire\010.jpg,640,640
cable,test,cable\test\bent_wire\011.jpg,640,640
cable,test,cable\test\bent_wire\012.jpg,640,640
cable,test,cable\test\cable_swap\000.jpg,640,640
cable,test,cable\test\cable_swap\001.jpg,640,640
cable,test,cable\test\cable_swap\002.jpg,640,640
cable,test,cable\test\cable_swap\003.jpg,640,640
cable,test,cable\test\cable_swap\004.jpg,640,640
cable,test,cable\test\cable_swap\005.jpg,640,640
cable,test,cable\test\cable_swap\006.jpg,640,640
cable,test,cable\test\cable_swap\007.jpg,640,640
cable,test,cable\test\cable_swap\008.jpg,640,640
cable,test,cable\test\cable_swap\009.jpg,640,640
cable,test,cable\test\cable_swap\010.jpg,640,640
cable,test,cable\test\cable_swap\011.jpg,640,640
cable,test,cable\test\combined\000.jpg,640,640
cable,test,cable\test\combined\001.jpg,640,640
cable,test,cable\test\combined\002.jpg,640,640
cable,test,cable\test\combined\003.jpg,640,640
cable,test,cable\test\combined\004.jpg,640,640
cable,test,cable\test\combined\005.jpg,640,640
cable,test,cable\test\combined\006.jpg,640,640
cable,test,cable\test\combined\007.jpg,640,640
cable,test,cable\test\combined\008.jpg,640,640
cable,test,cable\test\combined\009.jpg,640,640
cable,test,cable\test\combined\010.jpg,640,640
cable,test,cable\test\cut_inner_insulation\000.jpg,640,640
cable,test,cable\test\cut_inner_insulation\001.jpg,640,640
cable,test,cable\test\cut_inner_insulation\002.jpg,640,640
cable,test,cable\test\cut_inner_insulation\003.jpg,640,640
cable,test,cable\test\cut_inner_insulation\004.jpg,640,640
cable,test,cable\test\cut_inner_insulation\005.jpg,640,640
cable,test,cable\test\cut_inner_insulation\006.jpg,640,640
cable,test,cable\test\cut_inner_insulation\007.jpg,640,640
cable,test,cable\test\cut_inner_insulation\008.jpg,640,640
cable,test,cable\test\cut_inner_insulation\009.jpg,640,640
cable,test,cable\test\cut_inner_insulation\010.jpg,640,640
cable,test,cable\test\cut_inner_insulation\011.jpg,640,640
cable,test,cable\test\cut_inner_insulation\012.jpg,640,640
cable,test,cable\test\cut_inner_insulation\013.jpg,640,640
cable,test,cable\test\cut_outer_insulation\000.jpg,640,640
cable,test,cable\test\cut_outer_insulation\001.jpg,640,640
cable,test,cable\test\cut_outer_insulation\002.jpg,640,640
cable,test,cable\test\cut_outer_insulation\003.jpg,640,640
cable,test,cable\test\cut_outer_insulation\004.jpg,640,640
cable,test,cable\test\cut_outer_insulation\005.jpg,640,640
cable,test,cable\test\cut_outer_insulation\006.jpg,640,640
cable,test,cable\test\cut_outer_insulation\007.jpg,640,640
cable,test,cable\test\cut_outer_insulation\008.jpg,640,640
cable,test,cable\test\cut_outer_insulation\009.jpg,640,640
cable,test,cable\test\good\000.jpg,640,640
cable,test,cable\test\good\001.jpg,640,640
cable,test,cable\test\good\002.jpg,640,640
cable,test,cable\test\good\003.jpg,640,640
cable,test,cable\test\good\004.jpg,640,640
cable,test,cable\test\good\005.jpg,640,640
cable,test,cable\test\good\006.jpg,640,640
cable,test,cable\test\good\007.jpg,640,640
cable,test,cable\test\good\008.jpg,640,640
cable,test,cable\test\good\009.jpg,640,640
cable,test,cable\test\good\010.jpg,640,640
cable,test,cable\test\good\011.jpg,640,640
cable,test,cable\test\good\012.jpg,640,640
cable,test,cable\test\good\013.jpg,640,640
cable,test,cable\test\good\014.jpg,640,640
cable,test,cable\test\good\015.jpg,640,640
cable,test,cable\test\good\016.jpg,640,640
cable,test,cable\test\good\017.jpg,640,640
cable,test,cable\test\good\018.jpg,640,640
cable,test,cable\test\good\019.jpg,640,640
cable,test,cable\test\good\020.jpg,640,640
cable,test,cable\test\good\021.jpg,640,640
cable,test,cable\test\good\022.jpg,640,640
cable,test,cable\test\good\023.jpg,640,640
cable,test,cable\test\good\024.jpg,640,640
cable,test,cable\test\good\025.jpg,640,640
cable,test,cable\test\good\026.jpg,640,640
cable,test,cable\test\good\027.jpg,640,640
cable,test,cable\test\good\028.jpg,640,640
cable,test,cable\test\good\029.jpg,640,640
cable,test,cable\test\good\030.jpg,640,640
cable,test,cable\test\good\031.jpg,640,640
cable,test,cable\test\good\032.jpg,640,640
cable,test,cable\test\good\033.jpg,640,640
cable,test,cable\test\good\034.jpg,640,640
cable,test,cable\test\good\035.jpg,640,640
cable,test,cable\test\good\036.jpg,640,640
cable,test,cable\test\good\037.jpg,640,640
cable,test,cable\test\good\038.jpg,640,640
cable,test,cable\test\good\039.jpg,640,640
cable,test,cable\test\good\040.jpg,640,640
cable,test,cable\test\good\041.jpg,640,640
cable,test,cable\test\good\042.jpg,640,640
cable,test,cable\test\good\043.jpg,640,640
cable,test,cable\test\good\044.jpg,640,640
cable,test,cable\test\good\045.jpg,640,640
cable,test,cable\test\good\046.jpg,640,640
cable,test,cable\test\good\047.jpg,640,640
cable,test,cable\test\good\048.jpg,640,640
cable,test,cable\test\good\049.jpg,640,640
cable,test,cable\test\good\050.jpg,640,640
cable,test,cable\test\good\051.jpg,640,640
cable,test,cable\test\good\052.jpg,640,640
cable,test,cable\test\good\053.jpg,640,640
cable,test,cable\test\good\054.jpg,640,640
cable,test,cable\test\good\055.jpg,640,640
cable,test,cable\test\good\056.jpg,640,640
cable,test,cable\test\good\057.jpg,640,640
cable,test,cable\test\missing_cable\000.jpg,640,640
cable,test,cable\test\missing_cable\001.jpg,640,640
cable,test,cable\test\missing_cable\002.jpg,640,640
cable,test,cable\test\missing_cable\003.jpg,640,640
cable,test,cable\test\missing_cable\004.jpg,640,640
cable,test,cable\test\missing_cable\005.jpg,640,640
cable,test,cable\test\missing_cable\006.jpg,640,640
cable,test,cable\test\missing_cable\007.jpg,640,640
cable,test,cable\test\missing_cable\008.jpg,640,640
cable,test,cable\test\missing_cable\009.jpg,640,640
cable,test,cable\test\missing_cable\010.jpg,640,640
cable,test,cable\test\missing_cable\011.jpg,640,640
cable,test,cable\test\missing_wire\000.jpg,640,640
cable,test,cable\test\missing_wire\001.jpg,640,640
cable,test,cable\test\missing_wire\002.jpg,640,640
cable,test,cable\test\missing_wire\003.jpg,640,640
cable,test,cable\test\missing_wire\004.jpg,640,640
cable,test,cable\test\missing_wire\005.jpg,640,640
cable,test,cable\test\missing_wire\006.jpg,640,640
cable,test,cable\test\missing_wire\007.jpg,640,640
cable,test,cable\test\missing_wire\008.jpg,640,640
cable,test,cable\test\missing_wire\009.jpg,640,640
cable,test,cable\test\poke_insulation\000.jpg,640,640
cable,test,cable\test\poke_insulation\001.jpg,640,640
cable,test,cable\test\poke_insulation\002.jpg,640,640
cable,test,cable\test\poke_insulation\003.jpg,640,640
cable,test,cable\test\poke_insulation\004.jpg,640,640
cable,test,cable\test\poke_insulation\005.jpg,640,640
cable,test,cable\test\poke_insulation\006.jpg,640,640
cable,test,cable\test\poke_insulation\007.jpg,640,640
cable,test,cable\test\poke_insulation\008.jpg,640,640
cable,test,cable\test\poke_insulation\009.jpg,640,640
cable,train,cable\train\good\000.jpg,640,640
cable,train,cable\train\good\001.jpg,640,640
cable,train,cable\train\good\002.jpg,640,640
cable,train,cable\train\good\003.jpg,640,640
cable,train,cable\train\good\004.jpg,640,640
cable,train,cable\train\good\005.jpg,640,640
cable,train,cable\train\good\006.jpg,640,640
cable,train,cable\train\good\007.jpg,640,640
cable,train,cable\train\good\008.jpg,640,640
cable,train,cable\train\good\009.jpg,640,640
cable,train,cable\train\good\010.jpg,640,640
cable,train,cable\train\good\011.jpg,640,640
cable,train,cable\train\good\012.jpg,640,640
cable,train,cable\train\good\013.jpg,640,640
cable,train,cable\train\good\014.jpg,640,640
cable,train,cable\train\good\015.jpg,640,640
cable,train,cable\train\good\016.jpg,640,640
cable,train,cable\train\good\017.jpg,640,640
cable,train,cable\train\good\018.jpg,640,640
cable,train,cable\train\good\019.jpg,640,640
cable,train,cable\train\good\020.jpg,640,640
cable,train,cable\train\good\021.jpg,640,640
cable,train,cable\train\good\022.jpg,640,640
cable,train,cable\train\good\023.jpg,640,640
cable,train,cable\train\good\024.jpg,640,640
cable,train,cable\train\good\025.jpg,640,640
cable,train,cable\train\good\026.jpg,640,640
cable,train,cable\train\good\027.jpg,640,640
cable,train,cable\train\good\028.jpg,640,640
cable,train,cable\train\good\029.jpg,640,640
cable,train,cable\train\good\030.jpg,640,640
cable,train,cable\train\good\031.jpg,640,640
cable,train,cable\train\good\032.jpg,640,640
cable,train,cable\train\good\033.jpg,640,640
cable,train,cable\train\good\034.jpg,640,640
cable,train,cable\train\good\035.jpg,640,640
cable,train,cable\train\good\036.jpg,640,640
cable,train,cable\train\good\037.jpg,640,640
cable,train,cable\train\good\038.jpg,640,640
cable,train,cable\train\good\039.jpg,640,640
cable,train,cable\train\good\040.jpg,640,640
cable,train,cable\train\good\041.jpg,640,640
cable,train,cable\train\good\042.jpg,640,640
cable,train,cable\train\good\043.jpg,640,640
cable,train,cable\train\good\044.jpg,640,640
cable,train,cable\train\good\045.jpg,640,640
cable,train,cable\train\good\046.jpg,640,640
cable,train,cable\train\good\047.jpg,640,640
cable,train,cable\train\good\048.jpg,640,640
cable,train,cable\train\good\049.jpg,640,640
cable,train,cable\train\good\050.jpg,640,640
cable,train,cable\train\good\051.jpg,640,640
cable,train,cable\train\good\052.jpg,640,640
cable,train,cable\train\good\053.jpg,640,640
cable,train,cable\train\good\054.jpg,640,640
cable,train,cable\train\good\055.jpg,640,640
cable,train,cable\train\good\056.jpg,640,640
cable,train,cable\train\good\057.jpg,640,640
cable,train,cable\train\good\058.jpg,640,640
cable,train,cable\train\good\059.jpg,640,640
cable,train,cable\train\good\060.jpg,640,640
cable,train,cable\train\good\061.jpg,640,640
cable,train,cable\train\good\062.jpg,640,640
cable,train,cable\train\good\063.jpg,640,640
cable,train,cable\train\good\064.jpg,640,640
cable,train,cable\train\good\065.jpg,640,640
cable,train,cable\train\good\066.jpg,640,640
cable,train,cable\train\good\067.jpg,640,640
cable,train,cable\train\good\068.jpg,640,640
cable,train,cable\train\good\069.jpg,640,640
cable,train,cable\train\good\070.jpg,640,640
cable,train,cable\train\good\071.jpg,640,640
cable,train,cable\train\good\072.jpg,640,640
cable,train,cable\train\good\073.jpg,640,640
cable,train,cable\train\good\074.jpg,640,640
cable,train,cable\train\good\075.jpg,640,640
cable,train,cable\train\good\076.jpg,640,640
cable,train,cable\train\good\077.jpg,640,640
cable,train,cable\train\good\078.jpg,640,640
cable,train,cable\train\good\079.jpg,640,640
cable,train,cable\train\good\080.jpg,640,640
cable,train,cable\train\good\081.jpg,640,640
cable,train,cable\train\good\082.jpg,640,640
cable,train,cable\train\good\083.jpg,640,640
cable,train,cable\train\good\084.jpg,640,640
cable,train,cable\train\good\085.jpg,640,640
cable,train,cable\train\good\086.jpg,640,640
cable,train,cable\train\good\087.jpg,640,640
cable,train,cable\train\good\088.jpg,640,640
cable,train,cable\train\good\089.jpg,640,640
cable,train,cable\train\good\090.jpg,640,640
cable,train,cable\train\good\091.jpg,640,640
cable,train,cable\train\good\092.jpg,640,640
cable,train,cable\train\good\093.jpg,640,640
cable,train,cable\train\good\094.jpg,640,640
cable,train,cable\train\good\095.jpg,640,640
cable,train,cable\train\good\096.jpg,640,640
cable,train,cable\train\good\097.jpg,640,640
cable,train,cable\train\good\098.jpg,640,640
cable,train,cable\train\good\099.jpg,640,640
cable,train,cable\train\good\100.jpg,640,640
cable,train,cable\train\good\101.jpg,640,640
cable,train,cable\train\good\102.jpg,640,640
cable,train,cable\train\good\103.jpg,640,640
cable,train,cable\train\good\104.jpg,640,640
cable,train,cable\train\good\105.jpg,640,640
cable,train,cable\train\good\106.jpg,640,640
cable,train,cable\train\good\107.jpg,640,640
cable,train,cable\train\good\108.jpg,640,640
cable,train,cable\train\good\109.jpg,640,640
cable,train,cable\train\good\110.jpg,640,640
cable,train,cable\train\good\111.jpg,640,640
cable,train,cable\train\good\112.jpg,640,640
cable,train,cable\train\good\113.jpg,640,640
cable,train,cable\train\good\114.jpg,640,640
cable,train,cable\train\good\115.jpg,640,640
cable,train,cable\train\good\116.jpg,640,640
cable,train,cable\train\good\117.jpg,640,640
cable,train,cable\train\good\118.jpg,640,640
cable,train,cable\train\good\119.jpg,640,640
cable,train,cable\train\good\120.jpg,640,640
cable,train,cable\train\good\121.jpg,640,640
cable,train,cable\train\good\122.jpg,640,640
cable,train,cable\train\good\123.jpg,640,640
cable,train,cable\train\good\124.jpg,640,640
cable,train,cable\train\good\125.jpg,640,640
cable,train,cable\train\good\126.jpg,640,640
cable,train,cable\train\good\127.jpg,640,640
cable,train,cable\train\good\128.jpg,640,640
cable,train,cable\train\good\129.jpg,640,640
cable,train,cable\train\good\130.jpg,640,640
cable,train,cable\train\good\131.jpg,640,640
cable,train,cable\train\good\132.jpg,640,640
cable,train,cable\train\good\133.jpg,640,640
cable,train,cable\train\good\134.jpg,640,640
cable,train,cable\train\good\135.jpg,640,640
cable,train,cable\train\good\136.jpg,640,640
cable,train,cable\train\good\137.jpg,640,640
cable,train,cable\train\good\138.jpg,640,640
cable,train,cable\train\good\139.jpg,640,640
cable,train,cable\train\good\140.jpg,640,640
cable,train,cable\train\good\141.jpg,640,640
cable,train,cable\train\good\142.jpg,640,640
cable,train,cable\train\good\143.jpg,640,640
cable,train,cable\train\good\144.jpg,640,640
cable,train,cable\train\good\145.jpg,640,640
cable,train,cable\train\good\146.jpg,640,640
cable,train,cable\train\good\147.jpg,640,640
cable,train,cable\train\good\148.jpg,640,640
cable,train,cable\train\good\149.jpg,640,640
cable,train,cable\train\good\150.jpg,640,640
cable,train,cable\train\good\151.jpg,640,640
cable,train,cable\train\good\152.jpg,640,640
cable,train,cable\train\good\153.jpg,640,640
cable,train,cable\train\good\154.jpg,640,640
cable,train,cable\train\good\155.jpg,640,640
cable,train,cable\train\good\156.jpg,640,640
cable,train,cable\train\good\157.jpg,640,640
cable,train,cable\train\good\158.jpg,640,640
cable,train,cable\train\good\159.jpg,640,640
cable,train,cable\train\good\160.jpg,640,640
cable,train,cable\train\good\161.jpg,640,640
cable,train,cable\train\good\162.jpg,640,640
cable,train,cable\train\good\163.jpg,640,640
cable,train,cable\train\good\164.jpg,640,640
cable,train,cable\train\good\165.jpg,640,640
cable,train,cable\train\good\166.jpg,640,640
cable,train,cable\train\good\167.jpg,640,640
cable,train,cable\train\good\168.jpg,640,640
cable,train,cable\train\good\169.jpg,640,640
cable,train,cable\train\good\170.jpg,640,640
cable,train,cable\train\good\171.jpg,640,640
cable,train,cable\train\good\172.jpg,640,640
cable,train,cable\train\good\173.jpg,640,640
cable,train,cable\train\good\174.jpg,640,640
cable,train,cable\train\good\175.jpg,640,640
cable,train,cable\train\good\176.jpg,640,640
cable,train,cable\train\good\177.jpg,640,640
cable,train,cable\train\good\178.jpg,640,640
cable,train,cable\train\good\179.jpg,640,640
cable,train,cable\train\good\180.jpg,640,640
cable,train,cable\train\good\181.jpg,640,640
cable,train,cable\train\good\182.jpg,640,640
cable,train,cable\train\good\183.jpg,640,640
cable,train,cable\train\good\184.jpg,640,640
cable,train,cable\train\good\185.jpg,640,640
cable,train,cable\train\good\186.jpg,640,640
cable,train,cable\train\good\187.jpg,640,640
cable,train,cable\train\good\188.jpg,640,640
cable,train,cable\train\good\189.jpg,640,640
cable,train,cable\train\good\190.jpg,640,640
cable,train,cable\train\good\191.jpg,640,640
cable,train,cable\train\good\192.jpg,640,640
cable,train,cable\train\good\193.jpg,640,640
cable,train,cable\train\good\194.jpg,640,640
cable,train,cable\train\good\195.jpg,640,640
cable,train,cable\train\good\196.jpg,640,640
cable,train,cable\train\good\197.jpg,640,640
cable,train,cable\train\good\198.jpg,640,640
cable,train,cable\train\good\199.jpg,640,640
cable,train,cable\train\good\200.jpg,640,640
cable,train,cable\train\good\201.jpg,640,640
cable,train,cable\train\good\202.jpg,640,640
cable,train,cable\train\good\203.jpg,640,640
cable,train,cable\train\good\204.jpg,640,640
cable,train,cable\train\good\205.jpg,640,640
cable,train,cable\train\good\206.jpg,640,640
cable,train,cable\train\good\207.jpg,640,640
cable,train,cable\train\good\208.jpg,640,640
cable,train,cable\train\good\209.jpg,640,640
cable,train,cable\train\good\210.jpg,640,640
cable,train,cable\train\good\211.jpg,640,640
cable,train,cable\train\good\212.jpg,640,640
cable,train,cable\train\good\213.jpg,640,640
cable,train,cable\train\good\214.jpg,640,640
cable,train,cable\train\good\215.jpg,640,640
cable,train,cable\train\good\216.jpg,640,640
cable,train,cable\train\good\217.jpg,640,640
cable,train,cable\train\good\218.jpg,640,640
cable,train,cable\train\good\219.jpg,640,640
cable,train,cable\train\good\220.jpg,640,640
cable,train,cable\train\good\221.jpg,640,640
cable,train,cable\train\good\222.jpg,640,640
cable,train,cable\train\good\223.jpg,640,640
capsule,test,capsule\test\crack\000.jpg,640,640
capsule,test,capsule\test\crack\001.jpg,640,640
capsule,test,capsule\test\crack\002.jpg,640,640
capsule,test,capsule\test\crack\003.jpg,640,640
capsule,test,capsule\test\crack\004.jpg,640,640
capsule,test,capsule\test\crack\005.jpg,640,640
capsule,test,capsule\test\crack\006.jpg,640,640
capsule,test,capsule\test\crack\007.jpg,640,640
capsule,test,capsule\test\crack\008.jpg,640,640
capsule,test,capsule\test\crack\009.jpg,640,640
capsule,test,capsule\test\crack\010.jpg,640,640
capsule,test,capsule\test\crack\011.jpg,640,640
capsule,test,capsule\test\crack\012.jpg,640,640
capsule,test,capsule\test\crack\013.jpg,640,640
capsule,test,capsule\test\crack\014.jpg,640,640
capsule,test,capsule\test\crack\015.jpg,640,640
capsule,test,capsule\test\crack\016.jpg,640,640
capsule,test,capsule\test\crack\017.jpg,640,640
capsule,test,capsule\test\crack\018.jpg,640,640
capsule,test,capsule\test\crack\019.jpg,640,640
capsule,test,capsule\test\crack\020.jpg,640,640
capsule,test,capsule\test\crack\021.jpg,640,640
capsule,test,capsule\test\crack\022.jpg,640,640
capsule,test,capsule\test\faulty_imprint\000.jpg,640,640
capsule,test,capsule\test\faulty_imprint\001.jpg,640,640
capsule,test,capsule\test\faulty_imprint\002.jpg,640,640
capsule,test,capsule\test\faulty_imprint\003.jpg,640,640
capsule,test,capsule\test\faulty_imprint\004.jpg,640,640
capsule,test,capsule\test\faulty_imprint\005.jpg,640,640
capsule,test,capsule\test\faulty_imprint\006.jpg,640,640
capsule,test,capsule\test\faulty_imprint\007.jpg,640,640
capsule,test,capsule\test\faulty_imprint\008.jpg,640,640
capsule,test,capsule\test\faulty_imprint\009.jpg,640,640
capsule,test,capsule\test\faulty_imprint\010.jpg,640,640
capsule,test,capsule\test\faulty_imprint\011.jpg,640,640
capsule,test,capsule\test\faulty_imprint\012.jpg,640,640
capsule,test,capsule\test\faulty_imprint\013.jpg,640,640
capsule,test,capsule\test\faulty_imprint\014.jpg,640,640
capsule,test,capsule\test\faulty_imprint\015.jpg,640,640
capsule,test,capsule\test\faulty_imprint\016.jpg,640,640
capsule,test,capsule\test\faulty_imprint\017.jpg,640,640
capsule,test,capsule\test\faulty_imprint\018.jpg,640,640
capsule,test,capsule\test\faulty_imprint\019.jpg,640,640
capsule,test,capsule\test\faulty_imprint\020.jpg,640,640
capsule,test,capsule\test\faulty_imprint\021.jpg,640,640
capsule,test,capsule\test\good\000.jpg,640,640
capsule,test,capsule\test\good\001.jpg,640,640
capsule,test,capsule\test\good\002.jpg,640,640
capsule,test,capsule\test\good\003.jpg,640,640
capsule,test,capsule\test\good\004.jpg,640,640
capsule,test,capsule\test\good\005.jpg,640,640
capsule,test,capsule\test\good\006.jpg,640,640
capsule,test,capsule\test\good\007.jpg,640,640
capsule,test,capsule\test\good\008.jpg,640,640
capsule,test,capsule\test\good\009.jpg,640,640
capsule,test,capsule\test\good\010.jpg,640,640
capsule,test,capsule\test\good\011.jpg,640,640
capsule,test,capsule\test\good\012.jpg,640,640
capsule,test,capsule\test\good\013.jpg,640,640
capsule,test,capsule\test\good\014.jpg,640,640
capsule,test,capsule\test\good\015.jpg,640,640
capsule,test,capsule\test\good\016.jpg,640,640
capsule,test,capsule\test\good\017.jpg,640,640
capsule,test,capsule\test\good\018.jpg,640,640
capsule,test,capsule\test\good\019.jpg,640,640
capsule,test,capsule\test\good\020.jpg,640,640
capsule,test,capsule\test\good\021.jpg,640,640
capsule,test,capsule\test\good\022.jpg,640,640
capsule,test,capsule\test\poke\000.jpg,640,640
capsule,test,capsule\test\poke\001.jpg,640,640
capsule,test,capsule\test\poke\002.jpg,640,640
capsule,test,capsule\test\poke\003.jpg,640,640
capsule,test,capsule\test\poke\004.jpg,640,640
capsule,test,capsule\test\poke\005.jpg,640,640
capsule,test,capsule\test\poke\006.jpg,640,640
capsule,test,capsule\test\poke\007.jpg,640,640
capsule,test,capsule\test\poke\008.jpg,640,640
capsule,test,capsule\test\poke\009.jpg,640,640
capsule,test,capsule\test\poke\010.jpg,640,640
capsule,test,capsule\test\poke\011.jpg,640,640
capsule,test,capsule\test\poke\012.jpg,640,640
capsule,test,capsule\test\poke\013.jpg,640,640
capsule,test,capsule\test\poke\014.jpg,640,640
capsule,test,capsule\test\poke\015.jpg,640,640
capsule,test,capsule\test\poke\016.jpg,640,640
capsule,test,capsule\test\poke\017.jpg,640,640
capsule,test,capsule\test\poke\018.jpg,640,640
capsule,test,capsule\test\poke\019.jpg,640,640
capsule,test,capsule\test\poke\020.jpg,640,640
capsule,test,capsule\test\scratch\000.jpg,640,640
capsule,test,capsule\test\scratch\001.jpg,640,640
capsule,test,capsule\test\scratch\002.jpg,640,640
capsule,test,capsule\test\scratch\003.jpg,640,640
capsule,test,capsule\test\scratch\004.jpg,640,640
capsule,test,capsule\test\scratch\005.jpg,640,640
capsule,test,capsule\test\scratch\006.jpg,640,640
capsule,test,capsule\test\scratch\007.jpg,640,640
capsule,test,capsule\test\scratch\008.jpg,640,640
capsule,test,capsule\test\scratch\009.jpg,640,640
capsule,test,capsule\test\scratch\010.jpg,640,640
capsule,test,capsule\test\scratch\011.jpg,640,640
capsule,test,capsule\test\scratch\012.jpg,640,640
capsule,test,capsule\test\scratch\013.jpg,640,640
capsule,test,capsule\test\scratch\014.jpg,640,640
capsule,test,capsule\test\scratch\015.jpg,640,640
capsule,test,capsule\test\scratch\016.jpg,640,640
capsule,test,capsule\test\scratch\017.jpg,640,640
capsule,test,capsule\test\scratch\018.jpg,640,640
capsule,test,capsule\test\scratch\019.jpg,640,640
capsule,test,capsule\test\scratch\020.jpg,640,640
capsule,test,capsule\test\scratch\021.jpg,640,640
capsule,test,capsule\test\scratch\022.jpg,640,640
capsule,test,capsule\test\squeeze\000.jpg,640,640
capsule,test,capsule\test\squeeze\001.jpg,640,640
capsule,test,capsule\test\squeeze\002.jpg,640,640
capsule,test,capsule\test\squeeze\003.jpg,640,640
capsule,test,capsule\test\squeeze\004.jpg,640,640
capsule,test,capsule\test\squeeze\005.jpg,640,640
capsule,test,capsule\test\squeeze\006.jpg,640,640
capsule,test,capsule\test\squeeze\007.jpg,640,640
capsule,test,capsule\test\squeeze\008.jpg,640,640
capsule,test,capsule\test\squeeze\009.jpg,640,640
capsule,test,capsule\test\squeeze\010.jpg,640,640
capsule,test,capsule\test\squeeze\011.jpg,640,640
capsule,test,capsule\test\squeeze\012.jpg,640,640
capsule,test,capsule\test\squeeze\013.jpg,640,640
capsule,test,capsule\test\squeeze\014.jpg,640,640
capsule,test,capsule\test\squeeze\015.jpg,640,640
capsule,test,capsule\test\squeeze\016.jpg,640,640
capsule,test,capsule\test\squeeze\017.jpg,640,640
capsule,test,capsule\test\squeeze\018.jpg,640,640
capsule,test,capsule\test\squeeze\019.jpg,640,640
capsule,train,capsule\train\good\000.jpg,640,640
capsule,train,capsule\train\good\001.jpg,640,640
capsule,train,capsule\train\good\002.jpg,640,640
capsule,train,capsule\train\good\003.jpg,640,640
capsule,train,capsule\train\good\004.jpg,640,640
capsule,train,capsule\train\good\005.jpg,640,640
capsule,train,capsule\train\good\006.jpg,640,640
capsule,train,capsule\train\good\007.jpg,640,640
capsule,train,capsule\train\good\008.jpg,640,640
capsule,train,capsule\train\good\009.jpg,640,640
capsule,train,capsule\train\good\010.jpg,640,640
capsule,train,capsule\train\good\011.jpg,640,640
capsule,train,capsule\train\good\012.jpg,640,640
capsule,train,capsule\train\good\013.jpg,640,640
capsule,train,capsule\train\good\014.jpg,640,640
capsule,train,capsule\train\good\015.jpg,640,640
capsule,train,capsule\train\good\016.jpg,640,640
capsule,train,capsule\train\good\017.jpg,640,640
capsule,train,capsule\train\good\018.jpg,640,640
capsule,train,capsule\train\good\019.jpg,640,640
capsule,train,capsule\train\good\020.jpg,640,640
capsule,train,capsule\train\good\021.jpg,640,640
capsule,train,capsule\train\good\022.jpg,640,640
capsule,train,capsule\train\good\023.jpg,640,640
capsule,train,capsule\train\good\024.jpg,640,640
capsule,train,capsule\train\good\025.jpg,640,640
capsule,train,capsule\train\good\026.jpg,640,640
capsule,train,capsule\train\good\027.jpg,640,640
capsule,train,capsule\train\good\028.jpg,640,640
capsule,train,capsule\train\good\029.jpg,640,640
capsule,train,capsule\train\good\030.jpg,640,640
capsule,train,capsule\train\good\031.jpg,640,640
capsule,train,capsule\train\good\032.jpg,640,640
capsule,train,capsule\train\good\033.jpg,640,640
capsule,train,capsule\train\good\034.jpg,640,640
capsule,train,capsule\train\good\035.jpg,640,640
capsule,train,capsule\train\good\036.jpg,640,640
capsule,train,capsule\train\good\037.jpg,640,640
capsule,train,capsule\train\good\038.jpg,640,640
capsule,train,capsule\train\good\039.jpg,640,640
capsule,train,capsule\train\good\040.jpg,640,640
capsule,train,capsule\train\good\041.jpg,640,640
capsule,train,capsule\train\good\042.jpg,640,640
capsule,train,capsule\train\good\043.jpg,640,640
capsule,train,capsule\train\good\044.jpg,640,640
capsule,train,capsule\train\good\045.jpg,640,640
capsule,train,capsule\train\good\046.jpg,640,640
capsule,train,capsule\train\good\047.jpg,640,640
capsule,train,capsule\train\good\048.jpg,640,640
capsule,train,capsule\train\good\049.jpg,640,640
capsule,train,capsule\train\good\050.jpg,640,640
capsule,train,capsule\train\good\051.jpg,640,640
capsule,train,capsule\train\good\052.jpg,640,640
capsule,train,capsule\train\good\053.jpg,640,640
capsule,train,capsule\train\good\054.jpg,640,640
capsule,train,capsule\train\good\055.jpg,640,640
capsule,train,capsule\train\good\056.jpg,640,640
capsule,train,capsule\train\good\057.jpg,640,640
capsule,train,capsule\train\good\058.jpg,640,640
capsule,train,capsule\train\good\059.jpg,640,640
capsule,train,capsule\train\good\060.jpg,640,640
capsule,train,capsule\train\good\061.jpg,640,640
capsule,train,capsule\train\good\062.jpg,640,640
capsule,train,capsule\train\good\063.jpg,640,640
capsule,train,capsule\train\good\064.jpg,640,640
capsule,train,capsule\train\good\065.jpg,640,640
capsule,train,capsule\train\good\066.jpg,640,640
capsule,train,capsule\train\good\067.jpg,640,640
capsule,train,capsule\train\good\068.jpg,640,640
capsule,train,capsule\train\good\069.jpg,640,640
capsule,train,capsule\train\good\070.jpg,640,640
capsule,train,capsule\train\good\071.jpg,640,640
capsule,train,capsule\train\good\072.jpg,640,640
capsule,train,capsule\train\good\073.jpg,640,640
capsule,train,capsule\train\good\074.jpg,640,640
capsule,train,capsule\train\good\075.jpg,640,640
capsule,train,capsule\train\good\076.jpg,640,640
capsule,train,capsule\train\good\077.jpg,640,640
capsule,train,capsule\train\good\078.jpg,640,640
capsule,train,capsule\train\good\079.jpg,640,640
capsule,train,capsule\train\good\080.jpg,640,640
capsule,train,capsule\train\good\081.jpg,640,640
capsule,train,capsule\train\good\082.jpg,640,640
capsule,train,capsule\train\good\083.jpg,640,640
capsule,train,capsule\train\good\084.jpg,640,640
capsule,train,capsule\train\good\085.jpg,640,640
capsule,train,capsule\train\good\086.jpg,640,640
capsule,train,capsule\train\good\087.jpg,640,640
capsule,train,capsule\train\good\088.jpg,640,640
capsule,train,capsule\train\good\089.jpg,640,640
capsule,train,capsule\train\good\090.jpg,640,640
capsule,train,capsule\train\good\091.jpg,640,640
capsule,train,capsule\train\good\092.jpg,640,640
capsule,train,capsule\train\good\093.jpg,640,640
capsule,train,capsule\train\good\094.jpg,640,640
capsule,train,capsule\train\good\095.jpg,640,640
capsule,train,capsule\train\good\096.jpg,640,640
capsule,train,capsule\train\good\097.jpg,640,640
capsule,train,capsule\train\good\098.jpg,640,640
capsule,train,capsule\train\good\099.jpg,640,640
capsule,train,capsule\train\good\100.jpg,640,640
capsule,train,capsule\train\good\101.jpg,640,640
capsule,train,capsule\train\good\102.jpg,640,640
capsule,train,capsule\train\good\103.jpg,640,640
capsule,train,capsule\train\good\104.jpg,640,640
capsule,train,capsule\train\good\105.jpg,640,640
capsule,train,capsule\train\good\106.jpg,640,640
capsule,train,capsule\train\good\107.jpg,640,640
capsule,train,capsule\train\good\108.jpg,640,640
capsule,train,capsule\train\good\109.jpg,640,640
capsule,train,capsule\train\good\110.jpg,640,640
capsule,train,capsule\train\good\111.jpg,640,640
capsule,train,capsule\train\good\112.jpg,640,640
capsule,train,capsule\train\good\113.jpg,640,640
capsule,train,capsule\train\good\114.jpg,640,640
capsule,train,capsule\train\good\115.jpg,640,640
capsule,train,capsule\train\good\116.jpg,640,640
capsule,train,capsule\train\good\117.jpg,640,640
capsule,train,capsule\train\good\118.jpg,640,640
capsule,train,capsule\train\good\119.jpg,640,640
capsule,train,capsule\train\good\120.jpg,640,640
capsule,train,capsule\train\good\121.jpg,640,640
capsule,train,capsule\train\good\122.jpg,640,640
capsule,train,capsule\train\good\123.jpg,640,640
capsule,train,capsule\train\good\124.jpg,640,640
capsule,train,capsule\train\good\125.jpg,640,640
capsule,train,capsule\train\good\126.jpg,640,640
capsule,train,capsule\train\good\127.jpg,640,640
capsule,train,capsule\train\good\128.jpg,640,640
capsule,train,capsule\train\good\129.jpg,640,640
capsule,train,capsule\train\good\130.jpg,640,640
capsule,train,capsule\train\good\131.jpg,640,640
capsule,train,capsule\train\good\132.jpg,640,640
capsule,train,capsule\train\good\133.jpg,640,640
capsule,train,capsule\train\good\134.jpg,640,640
capsule,train,capsule\train\good\135.jpg,640,640
capsule,train,capsule\train\good\136.jpg,640,640
capsule,train,capsule\train\good\137.jpg,640,640
capsule,train,capsule\train\good\138.jpg,640,640
capsule,train,capsule\train\good\139.jpg,640,640
capsule,train,capsule\train\good\140.jpg,640,640
capsule,train,capsule\train\good\141.jpg,640,640
capsule,train,capsule\train\good\142.jpg,640,640
capsule,train,capsule\train\good\143.jpg,640,640
capsule,train,capsule\train\good\144.jpg,640,640
capsule,train,capsule\train\good\145.jpg,640,640
capsule,train,capsule\train\good\146.jpg,640,640
capsule,train,capsule\train\good\147.jpg,640,640
capsule,train,capsule\train\good\148.jpg,640,640
capsule,train,capsule\train\good\149.jpg,640,640
capsule,train,capsule\train\good\150.jpg,640,640
capsule,train,capsule\train\good\151.jpg,640,640
capsule,train,capsule\train\good\152.jpg,640,640
capsule,train,capsule\train\good\153.jpg,640,640
capsule,train,capsule\train\good\154.jpg,640,640
capsule,train,capsule\train\good\155.jpg,640,640
capsule,train,capsule\train\good\156.jpg,640,640
capsule,train,capsule\train\good\157.jpg,640,640
capsule,train,capsule\train\good\158.jpg,640,640
capsule,train,capsule\train\good\159.jpg,640,640
capsule,train,capsule\train\good\160.jpg,640,640
capsule,train,capsule\train\good\161.jpg,640,640
capsule,train,capsule\train\good\162.jpg,640,640
capsule,train,capsule\train\good\163.jpg,640,640
capsule,train,capsule\train\good\164.jpg,640,640
capsule,train,capsule\train\good\165.jpg,640,640
capsule,train,capsule\train\good\166.jpg,640,640
capsule,train,capsule\train\good\167.jpg,640,640
capsule,train,capsule\train\good\168.jpg,640,640
capsule,train,capsule\train\good\169.jpg,640,640
capsule,train,capsule\train\good\170.jpg,640,640
capsule,train,capsule\train\good\171.jpg,640,640
capsule,train,capsule\train\good\172.jpg,640,640
capsule,train,capsule\train\good\173.jpg,640,640
capsule,train,capsule\train\good\174.jpg,640,640
capsule,train,capsule\train\good\175.jpg,640,640
capsule,train,capsule\train\good\176.jpg,640,640
capsule,train,capsule\train\good\177.jpg,640,640
capsule,train,capsule\train\good\178.jpg,640,640
capsule,train,capsule\train\good\179.jpg,640,640
capsule,train,capsule\train\good\180.jpg,640,640
capsule,train,capsule\train\good\181.jpg,640,640
capsule,train,capsule\train\good\182.jpg,640,640
capsule,train,capsule\train\good\183.jpg,640,640
capsule,train,capsule\train\good\184.jpg,640,640
capsule,train,capsule\train\good\185.jpg,640,640
capsule,train,capsule\train\good\186.jpg,640,640
capsule,train,capsule\train\good\187.jpg,640,640
capsule,train,capsule\train\good\188.jpg,640,640
capsule,train,capsule\train\good\189.jpg,640,640
capsule,train,capsule\train\good\190.jpg,640,640
capsule,train,capsule\train\good\191.jpg,640,640
capsule,train,capsule\train\good\192.jpg,640,640
capsule,train,capsule\train\good\193.jpg,640,640
capsule,train,capsule\train\good\194.jpg,640,640
capsule,train,capsule\train\good\195.jpg,640,640
capsule,train,capsule\train\good\196.jpg,640,640
capsule,train,capsule\train\good\197.jpg,640,640
capsule,train,capsule\train\good\198.jpg,640,640
capsule,train,capsule\train\good\199.jpg,640,640
capsule,train,capsule\train\good\200.jpg,640,640
capsule,train,capsule\train\good\201.jpg,640,640
capsule,train,capsule\train\good\202.jpg,640,640
capsule,train,capsule\train\good\203.jpg,640,640
capsule,train,capsule\train\good\204.jpg,640,640
capsule,train,capsule\train\good\205.jpg,640,640
capsule,train,capsule\train\good\206.jpg,640,640
capsule,train,capsule\train\good\207.jpg,640,640
capsule,train,capsule\train\good\208.jpg,640,640
capsule,train,capsule\train\good\209.jpg,640,640
capsule,train,capsule\train\good\210.jpg,640,640
capsule,train,capsule\train\good\211.jpg,640,640
capsule,train,capsule\train\good\212.jpg,640,640
capsule,train,capsule\train\good\213.jpg,640,640
capsule,train,capsule\train\good\214.jpg,640,640
capsule,train,capsule\train\good\215.jpg,640,640
capsule,train,capsule\train\good\216.jpg,640,640
capsule,train,capsule\train\good\217.jpg,640,640
capsule,train,capsule\train\good\218.jpg,640,640
carpet,test,carpet\test\color\000.jpg,640,640
carpet,test,carpet\test\color\001.jpg,640,640
carpet,test,carpet\test\color\002.jpg,640,640
carpet,test,carpet\test\color\003.jpg,640,640
carpet,test,carpet\test\color\004.jpg,640,640
carpet,test,carpet\test\color\005.jpg,640,640
carpet,test,carpet\test\color\006.jpg,640,640
carpet,test,carpet\test\color\007.jpg,640,640
carpet,test,carpet\test\color\008.jpg,640,640
carpet,test,carpet\test\color\009.jpg,640,640
carpet,test,carpet\test\color\010.jpg,640,640
carpet,test,carpet\test\color\011.jpg,640,640
carpet,test,carpet\test\color\012.jpg,640,640
carpet,test,carpet\test\color\013.jpg,640,640
carpet,test,carpet\test\color\014.jpg,640,640
carpet,test,carpet\test\color\015.jpg,640,640
carpet,test,carpet\test\color\016.jpg,640,640
carpet,test,carpet\test\color\017.jpg,640,640
carpet,test,carpet\test\color\018.jpg,640,640
carpet,test,carpet\test\cut\000.jpg,640,640
carpet,test,carpet\test\cut\001.jpg,640,640
carpet,test,carpet\test\cut\002.jpg,640,640
carpet,test,carpet\test\cut\003.jpg,640,640
carpet,test,carpet\test\cut\004.jpg,640,640
carpet,test,carpet\test\cut\005.jpg,640,640
carpet,test,carpet\test\cut\006.jpg,640,640
carpet,test,carpet\test\cut\007.jpg,640,640
carpet,test,carpet\test\cut\008.jpg,640,640
carpet,test,carpet\test\cut\009.jpg,640,640
carpet,test,carpet\test\cut\010.jpg,640,640
carpet,test,carpet\test\cut\011.jpg,640,640
carpet,test,carpet\test\cut\012.jpg,640,640
carpet,test,carpet\test\cut\013.jpg,640,640
carpet,test,carpet\test\cut\014.jpg,640,640
carpet,test,carpet\test\cut\015.jpg,640,640
carpet,test,carpet\test\cut\016.jpg,640,640
carpet,test,carpet\test\good\000.jpg,640,640
carpet,test,carpet\test\good\001.jpg,640,640
carpet,test,carpet\test\good\002.jpg,640,640
carpet,test,carpet\test\good\003.jpg,640,640
carpet,test,carpet\test\good\004.jpg,640,640
carpet,test,carpet\test\good\005.jpg,640,640
carpet,test,carpet\test\good\006.jpg,640,640
carpet,test,carpet\test\good\007.jpg,640,640
carpet,test,carpet\test\good\008.jpg,640,640
carpet,test,carpet\test\good\009.jpg,640,640
carpet,test,carpet\test\good\010.jpg,640,640
carpet,test,carpet\test\good\011.jpg,640,640
carpet,test,carpet\test\good\012.jpg,640,640
carpet,test,carpet\test\good\013.jpg,640,640
carpet,test,carpet\test\good\014.jpg,640,640
carpet,test,carpet\test\good\015.jpg,640,640
carpet,test,carpet\test\good\016.jpg,640,640
carpet,test,carpet\test\good\017.jpg,640,640
carpet,test,carpet\test\good\018.jpg,640,640
carpet,test,carpet\test\good\019.jpg,640,640
carpet,test,carpet\test\good\020.jpg,640,640
carpet,test,carpet\test\good\021.jpg,640,640
carpet,test,carpet\test\good\022.jpg,640,640
carpet,test,carpet\test\good\023.jpg,640,640
carpet,test,carpet\test\good\024.jpg,640,640
carpet,test,carpet\test\good\025.jpg,640,640
carpet,test,carpet\test\good\026.jpg,640,640
carpet,test,carpet\test\good\027.jpg,640,640
carpet,test,carpet\test\hole\000.jpg,640,640
carpet,test,carpet\test\hole\001.jpg,640,640
carpet,test,carpet\test\hole\002.jpg,640,640
carpet,test,carpet\test\hole\003.jpg,640,640
carpet,test,carpet\test\hole\004.jpg,640,640
carpet,test,carpet\test\hole\005.jpg,640,640
carpet,test,carpet\test\hole\006.jpg,640,640
carpet,test,carpet\test\hole\007.jpg,640,640
carpet,test,carpet\test\hole\008.jpg,640,640
carpet,test,carpet\test\hole\009.jpg,640,640
carpet,test,carpet\test\hole\010.jpg,640,640
carpet,test,carpet\test\hole\011.jpg,640,640
carpet,test,carpet\test\hole\012.jpg,640,640
carpet,test,carpet\test\hole\013.jpg,640,640
carpet,test,carpet\test\hole\014.jpg,640,640
carpet,test,carpet\test\hole\015.jpg,640,640
carpet,test,carpet\test\hole\016.jpg,640,640
carpet,test,carpet\test\metal_contamination\000.jpg,640,640
carpet,test,carpet\test\metal_contamination\001.jpg,640,640
carpet,test,carpet\test\metal_contamination\002.jpg,640,640
carpet,test,carpet\test\metal_contamination\003.jpg,640,640
carpet,test,carpet\test\metal_contamination\004.jpg,640,640
carpet,test,carpet\test\metal_contamination\005.jpg,640,640
carpet,test,carpet\test\metal_contamination\006.jpg,640,640
carpet,test,carpet\test\metal_contamination\007.jpg,640,640
carpet,test,carpet\test\metal_contamination\008.jpg,640,640
carpet,test,carpet\test\metal_contamination\009.jpg,640,640
carpet,test,carpet\test\metal_contamination\010.jpg,640,640
carpet,test,carpet\test\metal_contamination\011.jpg,640,640
carpet,test,carpet\test\metal_contamination\012.jpg,640,640
carpet,test,carpet\test\metal_contamination\013.jpg,640,640
carpet,test,carpet\test\metal_contamination\014.jpg,640,640
carpet,test,carpet\test\metal_contamination\015.jpg,640,640
carpet,test,carpet\test\metal_contamination\016.jpg,640,640
carpet,test,carpet\test\thread\000.jpg,640,640
carpet,test,carpet\test\thread\001.jpg,640,640
carpet,test,carpet\test\thread\002.jpg,640,640
carpet,test,carpet\test\thread\003.jpg,640,640
carpet,test,carpet\test\thread\004.jpg,640,640
carpet,test,carpet\test\thread\005.jpg,640,640
carpet,test,carpet\test\thread\006.jpg,640,640
carpet,test,carpet\test\thread\007.jpg,640,640
carpet,test,carpet\test\thread\008.jpg,640,640
carpet,test,carpet\test\thread\009.jpg,640,640
carpet,test,carpet\test\thread\010.jpg,640,640
carpet,test,carpet\test\thread\011.jpg,640,640
carpet,test,carpet\test\thread\012.jpg,640,640
carpet,test,carpet\test\thread\013.jpg,640,640
carpet,test,carpet\test\thread\014.jpg,640,640
carpet,test,carpet\test\thread\015.jpg,640,640
carpet,test,carpet\test\thread\016.jpg,640,640
carpet,test,carpet\test\thread\017.jpg,640,640
carpet,test,carpet\test\thread\018.jpg,640,640
carpet,train,carpet\train\good\000.jpg,640,640
carpet,train,carpet\train\good\001.jpg,640,640
carpet,train,carpet\train\good\002.jpg,640,640
carpet,train,carpet\train\good\003.jpg,640,640
carpet,train,carpet\train\good\004.jpg,640,640
carpet,train,carpet\train\good\005.jpg,640,640
carpet,train,carpet\train\good\006.jpg,640,640
carpet,train,carpet\train\good\007.jpg,640,640
carpet,train,carpet\train\good\008.jpg,640,640
carpet,train,carpet\train\good\009.jpg,640,640
carpet,train,carpet\train\good\010.jpg,640,640
carpet,train,carpet\train\good\011.jpg,640,640
carpet,train,carpet\train\good\012.jpg,640,640
carpet,train,carpet\train\good\013.jpg,640,640
carpet,train,carpet\train\good\014.jpg,640,640
carpet,train,carpet\train\good\015.jpg,640,640
carpet,train,carpet\train\good\016.jpg,640,640
carpet,train,carpet\train\good\017.jpg,640,640
carpet,train,carpet\train\good\018.jpg,640,640
carpet,train,carpet\train\good\019.jpg,640,640
carpet,train,carpet\train\good\020.jpg,640,640
carpet,train,carpet\train\good\021.jpg,640,640
carpet,train,carpet\train\good\022.jpg,640,640
carpet,train,carpet\train\good\023.jpg,640,640
carpet,train,carpet\train\good\024.jpg,640,640
carpet,train,carpet\train\good\025.jpg,640,640
carpet,train,carpet\train\good\026.jpg,640,640
carpet,train,carpet\train\good\027.jpg,640,640
carpet,train,carpet\train\good\028.jpg,640,640
carpet,train,carpet\train\good\029.jpg,640,640
carpet,train,carpet\train\good\030.jpg,640,640
carpet,train,carpet\train\good\031.jpg,640,640
carpet,train,carpet\train\good\032.jpg,640,640
carpet,train,carpet\train\good\033.jpg,640,640
carpet,train,carpet\train\good\034.jpg,640,640
carpet,train,carpet\train\good\035.jpg,640,640
carpet,train,carpet\train\good\036.jpg,640,640
carpet,train,carpet\train\good\037.jpg,640,640
carpet,train,carpet\train\good\038.jpg,640,640
carpet,train,carpet\train\good\039.jpg,640,640
carpet,train,carpet\train\good\040.jpg,640,640
carpet,train,carpet\train\good\041.jpg,640,640
carpet,train,carpet\train\good\042.jpg,640,640
carpet,train,carpet\train\good\043.jpg,640,640
carpet,train,carpet\train\good\044.jpg,640,640
carpet,train,carpet\train\good\045.jpg,640,640
carpet,train,carpet\train\good\046.jpg,640,640
carpet,train,carpet\train\good\047.jpg,640,640
carpet,train,carpet\train\good\048.jpg,640,640
carpet,train,carpet\train\good\049.jpg,640,640
carpet,train,carpet\train\good\050.jpg,640,640
carpet,train,carpet\train\good\051.jpg,640,640
carpet,train,carpet\train\good\052.jpg,640,640
carpet,train,carpet\train\good\053.jpg,640,640
carpet,train,carpet\train\good\054.jpg,640,640
carpet,train,carpet\train\good\055.jpg,640,640
carpet,train,carpet\train\good\056.jpg,640,640
carpet,train,carpet\train\good\057.jpg,640,640
carpet,train,carpet\train\good\058.jpg,640,640
carpet,train,carpet\train\good\059.jpg,640,640
carpet,train,carpet\train\good\060.jpg,640,640
carpet,train,carpet\train\good\061.jpg,640,640
carpet,train,carpet\train\good\062.jpg,640,640
carpet,train,carpet\train\good\063.jpg,640,640
carpet,train,carpet\train\good\064.jpg,640,640
carpet,train,carpet\train\good\065.jpg,640,640
carpet,train,carpet\train\good\066.jpg,640,640
carpet,train,carpet\train\good\067.jpg,640,640
carpet,train,carpet\train\good\068.jpg,640,640
carpet,train,carpet\train\good\069.jpg,640,640
carpet,train,carpet\train\good\070.jpg,640,640
carpet,train,carpet\train\good\071.jpg,640,640
carpet,train,carpet\train\good\072.jpg,640,640
carpet,train,carpet\train\good\073.jpg,640,640
carpet,train,carpet\train\good\074.jpg,640,640
carpet,train,carpet\train\good\075.jpg,640,640
carpet,train,carpet\train\good\076.jpg,640,640
carpet,train,carpet\train\good\077.jpg,640,640
carpet,train,carpet\train\good\078.jpg,640,640
carpet,train,carpet\train\good\079.jpg,640,640
carpet,train,carpet\train\good\080.jpg,640,640
carpet,train,carpet\train\good\081.jpg,640,640
carpet,train,carpet\train\good\082.jpg,640,640
carpet,train,carpet\train\good\083.jpg,640,640
carpet,train,carpet\train\good\084.jpg,640,640
carpet,train,carpet\train\good\085.jpg,640,640
carpet,train,carpet\train\good\086.jpg,640,640
carpet,train,carpet\train\good\087.jpg,640,640
carpet,train,carpet\train\good\088.jpg,640,640
carpet,train,carpet\train\good\089.jpg,640,640
carpet,train,carpet\train\good\090.jpg,640,640
carpet,train,carpet\train\good\091.jpg,640,640
carpet,train,carpet\train\good\092.jpg,640,640
carpet,train,carpet\train\good\093.jpg,640,640
carpet,train,carpet\train\good\094.jpg,640,640
carpet,train,carpet\train\good\095.jpg,640,640
carpet,train,carpet\train\good\096.jpg,640,640
carpet,train,carpet\train\good\097.jpg,640,640
carpet,train,carpet\train\good\098.jpg,640,640
carpet,train,carpet\train\good\099.jpg,640,640
carpet,train,carpet\train\good\100.jpg,640,640
carpet,train,carpet\train\good\101.jpg,640,640
carpet,train,carpet\train\good\102.jpg,640,640
carpet,train,carpet\train\good\103.jpg,640,640
carpet,train,carpet\train\good\104.jpg,640,640
carpet,train,carpet\train\good\105.jpg,640,640
carpet,train,carpet\train\good\106.jpg,640,640
carpet,train,carpet\train\good\107.jpg,640,640
carpet,train,carpet\train\good\108.jpg,640,640
carpet,train,carpet\train\good\109.jpg,640,640
carpet,train,carpet\train\good\110.jpg,640,640
carpet,train,carpet\train\good\111.jpg,640,640
carpet,train,carpet\train\good\112.jpg,640,640
carpet,train,carpet\train\good\113.jpg,640,640
carpet,train,carpet\train\good\114.jpg,640,640
carpet,train,carpet\train\good\115.jpg,640,640
carpet,train,carpet\train\good\116.jpg,640,640
carpet,train,carpet\train\good\117.jpg,640,640
carpet,train,carpet\train\good\118.jpg,640,640
carpet,train,carpet\train\good\119.jpg,640,640
carpet,train,carpet\train\good\120.jpg,640,640
carpet,train,carpet\train\good\121.jpg,640,640
carpet,train,carpet\train\good\122.jpg,640,640
carpet,train,carpet\train\good\123.jpg,640,640
carpet,train,carpet\train\good\124.jpg,640,640
carpet,train,carpet\train\good\125.jpg,640,640
carpet,train,carpet\train\good\126.jpg,640,640
carpet,train,carpet\train\good\127.jpg,640,640
carpet,train,carpet\train\good\128.jpg,640,640
carpet,train,carpet\train\good\129.jpg,640,640
carpet,train,carpet\train\good\130.jpg,640,640
carpet,train,carpet\train\good\131.jpg,640,640
carpet,train,carpet\train\good\132.jpg,640,640
carpet,train,carpet\train\good\133.jpg,640,640
carpet,train,carpet\train\good\134.jpg,640,640
carpet,train,carpet\train\good\135.jpg,640,640
carpet,train,carpet\train\good\136.jpg,640,640
carpet,train,carpet\train\good\137.jpg,640,640
carpet,train,carpet\train\good\138.jpg,640,640
carpet,train,carpet\train\good\139.jpg,640,640
carpet,train,carpet\train\good\140.jpg,640,640
carpet,train,carpet\train\good\141.jpg,640,640
carpet,train,carpet\train\good\142.jpg,640,640
carpet,train,carpet\train\good\143.jpg,640,640
carpet,train,carpet\train\good\144.jpg,640,640
carpet,train,carpet\train\good\145.jpg,640,640
carpet,train,carpet\train\good\146.jpg,640,640
carpet,train,carpet\train\good\147.jpg,640,640
carpet,train,carpet\train\good\148.jpg,640,640
carpet,train,carpet\train\good\149.jpg,640,640
carpet,train,carpet\train\good\150.jpg,640,640
carpet,train,carpet\train\good\151.jpg,640,640
carpet,train,carpet\train\good\152.jpg,640,640
carpet,train,carpet\train\good\153.jpg,640,640
carpet,train,carpet\train\good\154.jpg,640,640
carpet,train,carpet\train\good\155.jpg,640,640
carpet,train,carpet\train\good\156.jpg,640,640
carpet,train,carpet\train\good\157.jpg,640,640
carpet,train,carpet\train\good\158.jpg,640,640
carpet,train,carpet\train\good\159.jpg,640,640
carpet,train,carpet\train\good\160.jpg,640,640
carpet,train,carpet\train\good\161.jpg,640,640
carpet,train,carpet\train\good\162.jpg,640,640
carpet,train,carpet\train\good\163.jpg,640,640
carpet,train,carpet\train\good\164.jpg,640,640
carpet,train,carpet\train\good\165.jpg,640,640
carpet,train,carpet\train\good\166.jpg,640,640
carpet,train,carpet\train\good\167.jpg,640,640
carpet,train,carpet\train\good\168.jpg,640,640
carpet,train,carpet\train\good\169.jpg,640,640
carpet,train,carpet\train\good\170.jpg,640,640
carpet,train,carpet\train\good\171.jpg,640,640
carpet,train,carpet\train\good\172.jpg,640,640
carpet,train,carpet\train\good\173.jpg,640,640
carpet,train,carpet\train\good\174.jpg,640,640
carpet,train,carpet\train\good\175.jpg,640,640
carpet,train,carpet\train\good\176.jpg,640,640
carpet,train,carpet\train\good\177.jpg,640,640
carpet,train,carpet\train\good\178.jpg,640,640
carpet,train,carpet\train\good\179.jpg,640,640
carpet,train,carpet\train\good\180.jpg,640,640
carpet,train,carpet\train\good\181.jpg,640,640
carpet,train,carpet\train\good\182.jpg,640,640
carpet,train,carpet\train\good\183.jpg,640,640
carpet,train,carpet\train\good\184.jpg,640,640
carpet,train,carpet\train\good\185.jpg,640,640
carpet,train,carpet\train\good\186.jpg,640,640
carpet,train,carpet\train\good\187.jpg,640,640
carpet,train,carpet\train\good\188.jpg,640,640
carpet,train,carpet\train\good\189.jpg,640,640
carpet,train,carpet\train\good\190.jpg,640,640
carpet,train,carpet\train\good\191.jpg,640,640
carpet,train,carpet\train\good\192.jpg,640,640
carpet,train,carpet\train\good\193.jpg,640,640
carpet,train,carpet\train\good\194.jpg,640,640
carpet,train,carpet\train\good\195.jpg,640,640
carpet,train,carpet\train\good\196.jpg,640,640
carpet,train,carpet\train\good\197.jpg,640,640
carpet,train,carpet\train\good\198.jpg,640,640
carpet,train,carpet\train\good\199.jpg,640,640
carpet,train,carpet\train\good\200.jpg,640,640
carpet,train,carpet\train\good\201.jpg,640,640
carpet,train,carpet\train\good\202.jpg,640,640
carpet,train,carpet\train\good\203.jpg,640,640
carpet,train,carpet\train\good\204.jpg,640,640
carpet,train,carpet\train\good\205.jpg,640,640
carpet,train,carpet\train\good\206.jpg,640,640
carpet,train,carpet\train\good\207.jpg,640,640
carpet,train,carpet\train\good\208.jpg,640,640
carpet,train,carpet\train\good\209.jpg,640,640
carpet,train,carpet\train\good\210.jpg,640,640
carpet,train,carpet\train\good\211.jpg,640,640
carpet,train,carpet\train\good\212.jpg,640,640
carpet,train,carpet\train\good\213.jpg,640,640
carpet,train,carpet\train\good\214.jpg,640,640
carpet,train,carpet\train\good\215.jpg,640,640
carpet,train,carpet\train\good\216.jpg,640,640
carpet,train,carpet\train\good\217.jpg,640,640
carpet,train,carpet\train\good\218.jpg,640,640
carpet,train,carpet\train\good\219.jpg,640,640
carpet,train,carpet\train\good\220.jpg,640,640
carpet,train,carpet\train\good\221.jpg,640,640
carpet,train,carpet\train\good\222.jpg,640,640
carpet,train,carpet\train\good\223.jpg,640,640
carpet,train,carpet\train\good\224.jpg,640,640
carpet,train,carpet\train\good\225.jpg,640,640
carpet,train,carpet\train\good\226.jpg,640,640
carpet,train,carpet\train\good\227.jpg,640,640
carpet,train,carpet\train\good\228.jpg,640,640
carpet,train,carpet\train\good\229.jpg,640,640
carpet,train,carpet\train\good\230.jpg,640,640
carpet,train,carpet\train\good\231.jpg,640,640
carpet,train,carpet\train\good\232.jpg,640,640
carpet,train,carpet\train\good\233.jpg,640,640
carpet,train,carpet\train\good\234.jpg,640,640
carpet,train,carpet\train\good\235.jpg,640,640
carpet,train,carpet\train\good\236.jpg,640,640
carpet,train,carpet\train\good\237.jpg,640,640
carpet,train,carpet\train\good\238.jpg,640,640
carpet,train,carpet\train\good\239.jpg,640,640
carpet,train,carpet\train\good\240.jpg,640,640
carpet,train,carpet\train\good\241.jpg,640,640
carpet,train,carpet\train\good\242.jpg,640,640
carpet,train,carpet\train\good\243.jpg,640,640
carpet,train,carpet\train\good\244.jpg,640,640
carpet,train,carpet\train\good\245.jpg,640,640
carpet,train,carpet\train\good\246.jpg,640,640
carpet,train,carpet\train\good\247.jpg,640,640
carpet,train,carpet\train\good\248.jpg,640,640
carpet,train,carpet\train\good\249.jpg,640,640
carpet,train,carpet\train\good\250.jpg,640,640
carpet,train,carpet\train\good\251.jpg,640,640
carpet,train,carpet\train\good\252.jpg,640,640
carpet,train,carpet\train\good\253.jpg,640,640
carpet,train,carpet\train\good\254.jpg,640,640
carpet,train,carpet\train\good\255.jpg,640,640
carpet,train,carpet\train\good\256.jpg,640,640
carpet,train,carpet\train\good\257.jpg,640,640
carpet,train,carpet\train\good\258.jpg,640,640
carpet,train,carpet\train\good\259.jpg,640,640
carpet,train,carpet\train\good\260.jpg,640,640
carpet,train,carpet\train\good\261.jpg,640,640
carpet,train,carpet\train\good\262.jpg,640,640
carpet,train,carpet\train\good\263.jpg,640,640
carpet,train,carpet\train\good\264.jpg,640,640
carpet,train,carpet\train\good\265.jpg,640,640
carpet,train,carpet\train\good\266.jpg,640,640
carpet,train,carpet\train\good\267.jpg,640,640
carpet,train,carpet\train\good\268.jpg,640,640
carpet,train,carpet\train\good\269.jpg,640,640
carpet,train,carpet\train\good\270.jpg,640,640
carpet,train,carpet\train\good\271.jpg,640,640
carpet,train,carpet\train\good\272.jpg,640,640
carpet,train,carpet\train\good\273.jpg,640,640
carpet,train,carpet\train\good\274.jpg,640,640
carpet,train,carpet\train\good\275.jpg,640,640
carpet,train,carpet\train\good\276.jpg,640,640
carpet,train,carpet\train\good\277.jpg,640,640
carpet,train,carpet\train\good\278.jpg,640,640
carpet,train,carpet\train\good\279.jpg,640,640
grid,test,grid\test\bent\000.jpg,640,640
grid,test,grid\test\bent\001.jpg,640,640
grid,test,grid\test\bent\002.jpg,640,640
grid,test,grid\test\bent\003.jpg,640,640
grid,test,grid\test\bent\004.jpg,640,640
grid,test,grid\test\bent\005.jpg,640,640
grid,test,grid\test\bent\006.jpg,640,640
grid,test,grid\test\bent\007.jpg,640,640
grid,test,grid\test\bent\008.jpg,640,640
grid,test,grid\test\bent\009.jpg,640,640
grid,test,grid\test\bent\010.jpg,640,640
grid,test,grid\test\bent\011.jpg,640,640
grid,test,grid\test\broken\000.jpg,640,640
grid,test,grid\test\broken\001.jpg,640,640
grid,test,grid\test\broken\002.jpg,640,640
grid,test,grid\test\broken\003.jpg,640,640
grid,test,grid\test\broken\004.jpg,640,640
grid,test,grid\test\broken\005.jpg,640,640
grid,test,grid\test\broken\006.jpg,640,640
grid,test,grid\test\broken\007.jpg,640,640
grid,test,grid\test\broken\008.jpg,640,640
grid,test,grid\test\broken\009.jpg,640,640
grid,test,grid\test\broken\010.jpg,640,640
grid,test,grid\test\broken\011.jpg,640,640
grid,test,grid\test\glue\000.jpg,640,640
grid,test,grid\test\glue\001.jpg,640,640
grid,test,grid\test\glue\002.jpg,640,640
grid,test,grid\test\glue\003.jpg,640,640
grid,test,grid\test\glue\004.jpg,640,640
grid,test,grid\test\glue\005.jpg,640,640
grid,test,grid\test\glue\006.jpg,640,640
grid,test,grid\test\glue\007.jpg,640,640
grid,test,grid\test\glue\008.jpg,640,640
grid,test,grid\test\glue\009.jpg,640,640
grid,test,grid\test\glue\010.jpg,640,640
grid,test,grid\test\good\000.jpg,640,640
grid,test,grid\test\good\001.jpg,640,640
grid,test,grid\test\good\002.jpg,640,640
grid,test,grid\test\good\003.jpg,640,640
grid,test,grid\test\good\004.jpg,640,640
grid,test,grid\test\good\005.jpg,640,640
grid,test,grid\test\good\006.jpg,640,640
grid,test,grid\test\good\007.jpg,640,640
grid,test,grid\test\good\008.jpg,640,640
grid,test,grid\test\good\009.jpg,640,640
grid,test,grid\test\good\010.jpg,640,640
grid,test,grid\test\good\011.jpg,640,640
grid,test,grid\test\good\012.jpg,640,640
grid,test,grid\test\good\013.jpg,640,640
grid,test,grid\test\good\014.jpg,640,640
grid,test,grid\test\good\015.jpg,640,640
grid,test,grid\test\good\016.jpg,640,640
grid,test,grid\test\good\017.jpg,640,640
grid,test,grid\test\good\018.jpg,640,640
grid,test,grid\test\good\019.jpg,640,640
grid,test,grid\test\good\020.jpg,640,640
grid,test,grid\test\metal_contamination\000.jpg,640,640
grid,test,grid\test\metal_contamination\001.jpg,640,640
grid,test,grid\test\metal_contamination\002.jpg,640,640
grid,test,grid\test\metal_contamination\003.jpg,640,640
grid,test,grid\test\metal_contamination\004.jpg,640,640
grid,test,grid\test\metal_contamination\005.jpg,640,640
grid,test,grid\test\metal_contamination\006.jpg,640,640
grid,test,grid\test\metal_contamination\007.jpg,640,640
grid,test,grid\test\metal_contamination\008.jpg,640,640
grid,test,grid\test\metal_contamination\009.jpg,640,640
grid,test,grid\test\metal_contamination\010.jpg,640,640
grid,test,grid\test\thread\000.jpg,640,640
grid,test,grid\test\thread\001.jpg,640,640
grid,test,grid\test\thread\002.jpg,640,640
grid,test,grid\test\thread\003.jpg,640,640
grid,test,grid\test\thread\004.jpg,640,640
grid,test,grid\test\thread\005.jpg,640,640
grid,test,grid\test\thread\006.jpg,640,640
grid,test,grid\test\thread\007.jpg,640,640
grid,test,grid\test\thread\008.jpg,640,640
grid,test,grid\test\thread\009.jpg,640,640
grid,test,grid\test\thread\010.jpg,640,640
grid,train,grid\train\good\000.jpg,640,640
grid,train,grid\train\good\001.jpg,640,640
grid,train,grid\train\good\002.jpg,640,640
grid,train,grid\train\good\003.jpg,640,640
grid,train,grid\train\good\004.jpg,640,640
grid,train,grid\train\good\005.jpg,640,640
grid,train,grid\train\good\006.jpg,640,640
grid,train,grid\train\good\007.jpg,640,640
grid,train,grid\train\good\008.jpg,640,640
grid,train,grid\train\good\009.jpg,640,640
grid,train,grid\train\good\010.jpg,640,640
grid,train,grid\train\good\011.jpg,640,640
grid,train,grid\train\good\012.jpg,640,640
grid,train,grid\train\good\013.jpg,640,640
grid,train,grid\train\good\014.jpg,640,640
grid,train,grid\train\good\015.jpg,640,640
grid,train,grid\train\good\016.jpg,640,640
grid,train,grid\train\good\017.jpg,640,640
grid,train,grid\train\good\018.jpg,640,640
grid,train,grid\train\good\019.jpg,640,640
grid,train,grid\train\good\020.jpg,640,640
grid,train,grid\train\good\021.jpg,640,640
grid,train,grid\train\good\022.jpg,640,640
grid,train,grid\train\good\023.jpg,640,640
grid,train,grid\train\good\024.jpg,640,640
grid,train,grid\train\good\025.jpg,640,640
grid,train,grid\train\good\026.jpg,640,640
grid,train,grid\train\good\027.jpg,640,640
grid,train,grid\train\good\028.jpg,640,640
grid,train,grid\train\good\029.jpg,640,640
grid,train,grid\train\good\030.jpg,640,640
grid,train,grid\train\good\031.jpg,640,640
grid,train,grid\train\good\032.jpg,640,640
grid,train,grid\train\good\033.jpg,640,640
grid,train,grid\train\good\034.jpg,640,640
grid,train,grid\train\good\035.jpg,640,640
grid,train,grid\train\good\036.jpg,640,640
grid,train,grid\train\good\037.jpg,640,640
grid,train,grid\train\good\038.jpg,640,640
grid,train,grid\train\good\039.jpg,640,640
grid,train,grid\train\good\040.jpg,640,640
grid,train,grid\train\good\041.jpg,640,640
grid,train,grid\train\good\042.jpg,640,640
grid,train,grid\train\good\043.jpg,640,640
grid,train,grid\train\good\044.jpg,640,640
grid,train,grid\train\good\045.jpg,640,640
grid,train,grid\train\good\046.jpg,640,640
grid,train,grid\train\good\047.jpg,640,640
grid,train,grid\train\good\048.jpg,640,640
grid,train,grid\train\good\049.jpg,640,640
grid,train,grid\train\good\050.jpg,640,640
grid,train,grid\train\good\051.jpg,640,640
grid,train,grid\train\good\052.jpg,640,640
grid,train,grid\train\good\053.jpg,640,640
grid,train,grid\train\good\054.jpg,640,640
grid,train,grid\train\good\055.jpg,640,640
grid,train,grid\train\good\056.jpg,640,640
grid,train,grid\train\good\057.jpg,640,640
grid,train,grid\train\good\058.jpg,640,640
grid,train,grid\train\good\059.jpg,640,640
grid,train,grid\train\good\060.jpg,640,640
grid,train,grid\train\good\061.jpg,640,640
grid,train,grid\train\good\062.jpg,640,640
grid,train,grid\train\good\063.jpg,640,640
grid,train,grid\train\good\064.jpg,640,640
grid,train,grid\train\good\065.jpg,640,640
grid,train,grid\train\good\066.jpg,640,640
grid,train,grid\train\good\067.jpg,640,640
grid,train,grid\train\good\068.jpg,640,640
grid,train,grid\train\good\069.jpg,640,640
grid,train,grid\train\good\070.jpg,640,640
grid,train,grid\train\good\071.jpg,640,640
grid,train,grid\train\good\072.jpg,640,640
grid,train,grid\train\good\073.jpg,640,640
grid,train,grid\train\good\074.jpg,640,640
grid,train,grid\train\good\075.jpg,640,640
grid,train,grid\train\good\076.jpg,640,640
grid,train,grid\train\good\077.jpg,640,640
grid,train,grid\train\good\078.jpg,640,640
grid,train,grid\train\good\079.jpg,640,640
grid,train,grid\train\good\080.jpg,640,640
grid,train,grid\train\good\081.jpg,640,640
grid,train,grid\train\good\082.jpg,640,640
grid,train,grid\train\good\083.jpg,640,640
grid,train,grid\train\good\084.jpg,640,640
grid,train,grid\train\good\085.jpg,640,640
grid,train,grid\train\good\086.jpg,640,640
grid,train,grid\train\good\087.jpg,640,640
grid,train,grid\train\good\088.jpg,640,640
grid,train,grid\train\good\089.jpg,640,640
grid,train,grid\train\good\090.jpg,640,640
grid,train,grid\train\good\091.jpg,640,640
grid,train,grid\train\good\092.jpg,640,640
grid,train,grid\train\good\093.jpg,640,640
grid,train,grid\train\good\094.jpg,640,640
grid,train,grid\train\good\095.jpg,640,640
grid,train,grid\train\good\096.jpg,640,640
grid,train,grid\train\good\097.jpg,640,640
grid,train,grid\train\good\098.jpg,640,640
grid,train,grid\train\good\099.jpg,640,640
grid,train,grid\train\good\100.jpg,640,640
grid,train,grid\train\good\101.jpg,640,640
grid,train,grid\train\good\102.jpg,640,640
grid,train,grid\train\good\103.jpg,640,640
grid,train,grid\train\good\104.jpg,640,640
grid,train,grid\train\good\105.jpg,640,640
grid,train,grid\train\good\106.jpg,640,640
grid,train,grid\train\good\107.jpg,640,640
grid,train,grid\train\good\108.jpg,640,640
grid,train,grid\train\good\109.jpg,640,640
grid,train,grid\train\good\110.jpg,640,640
grid,train,grid\train\good\111.jpg,640,640
grid,train,grid\train\good\112.jpg,640,640
grid,train,grid\train\good\113.jpg,640,640
grid,train,grid\train\good\114.jpg,640,640
grid,train,grid\train\good\115.jpg,640,640
grid,train,grid\train\good\116.jpg,640,640
grid,train,grid\train\good\117.jpg,640,640
grid,train,grid\train\good\118.jpg,640,640
grid,train,grid\train\good\119.jpg,640,640
grid,train,grid\train\good\120.jpg,640,640
grid,train,grid\train\good\121.jpg,640,640
grid,train,grid\train\good\122.jpg,640,640
grid,train,grid\train\good\123.jpg,640,640
grid,train,grid\train\good\124.jpg,640,640
grid,train,grid\train\good\125.jpg,640,640
grid,train,grid\train\good\126.jpg,640,640
grid,train,grid\train\good\127.jpg,640,640
grid,train,grid\train\good\128.jpg,640,640
grid,train,grid\train\good\129.jpg,640,640
grid,train,grid\train\good\130.jpg,640,640
grid,train,grid\train\good\131.jpg,640,640
grid,train,grid\train\good\132.jpg,640,640
grid,train,grid\train\good\133.jpg,640,640
grid,train,grid\train\good\134.jpg,640,640
grid,train,grid\train\good\135.jpg,640,640
grid,train,grid\train\good\136.jpg,640,640
grid,train,grid\train\good\137.jpg,640,640
grid,train,grid\train\good\138.jpg,640,640
grid,train,grid\train\good\139.jpg,640,640
grid,train,grid\train\good\140.jpg,640,640
grid,train,grid\train\good\141.jpg,640,640
grid,train,grid\train\good\142.jpg,640,640
grid,train,grid\train\good\143.jpg,640,640
grid,train,grid\train\good\144.jpg,640,640
grid,train,grid\train\good\145.jpg,640,640
grid,train,grid\train\good\146.jpg,640,640
grid,train,grid\train\good\147.jpg,640,640
grid,train,grid\train\good\148.jpg,640,640
grid,train,grid\train\good\149.jpg,640,640
grid,train,grid\train\good\150.jpg,640,640
grid,train,grid\train\good\151.jpg,640,640
grid,train,grid\train\good\152.jpg,640,640
grid,train,grid\train\good\153.jpg,640,640
grid,train,grid\train\good\154.jpg,640,640
grid,train,grid\train\good\155.jpg,640,640
grid,train,grid\train\good\156.jpg,640,640
grid,train,grid\train\good\157.jpg,640,640
grid,train,grid\train\good\158.jpg,640,640
grid,train,grid\train\good\159.jpg,640,640
grid,train,grid\train\good\160.jpg,640,640
grid,train,grid\train\good\161.jpg,640,640
grid,train,grid\train\good\162.jpg,640,640
grid,train,grid\train\good\163.jpg,640,640
grid,train,grid\train\good\164.jpg,640,640
grid,train,grid\train\good\165.jpg,640,640
grid,train,grid\train\good\166.jpg,640,640
grid,train,grid\train\good\167.jpg,640,640
grid,train,grid\train\good\168.jpg,640,640
grid,train,grid\train\good\169.jpg,640,640
grid,train,grid\train\good\170.jpg,640,640
grid,train,grid\train\good\171.jpg,640,640
grid,train,grid\train\good\172.jpg,640,640
grid,train,grid\train\good\173.jpg,640,640
grid,train,grid\train\good\174.jpg,640,640
grid,train,grid\train\good\175.jpg,640,640
grid,train,grid\train\good\176.jpg,640,640
grid,train,grid\train\good\177.jpg,640,640
grid,train,grid\train\good\178.jpg,640,640
grid,train,grid\train\good\179.jpg,640,640
grid,train,grid\train\good\180.jpg,640,640
grid,train,grid\train\good\181.jpg,640,640
grid,train,grid\train\good\182.jpg,640,640
grid,train,grid\train\good\183.jpg,640,640
grid,train,grid\train\good\184.jpg,640,640
grid,train,grid\train\good\185.jpg,640,640
grid,train,grid\train\good\186.jpg,640,640
grid,train,grid\train\good\187.jpg,640,640
grid,train,grid\train\good\188.jpg,640,640
grid,train,grid\train\good\189.jpg,640,640
grid,train,grid\train\good\190.jpg,640,640
grid,train,grid\train\good\191.jpg,640,640
grid,train,grid\train\good\192.jpg,640,640
grid,train,grid\train\good\193.jpg,640,640
grid,train,grid\train\good\194.jpg,640,640
grid,train,grid\train\good\195.jpg,640,640
grid,train,grid\train\good\196.jpg,640,640
grid,train,grid\train\good\197.jpg,640,640
grid,train,grid\train\good\198.jpg,640,640
grid,train,grid\train\good\199.jpg,640,640
grid,train,grid\train\good\200.jpg,640,640
grid,train,grid\train\good\201.jpg,640,640
grid,train,grid\train\good\202.jpg,640,640
grid,train,grid\train\good\203.jpg,640,640
grid,train,grid\train\good\204.jpg,640,640
grid,train,grid\train\good\205.jpg,640,640
grid,train,grid\train\good\206.jpg,640,640
grid,train,grid\train\good\207.jpg,640,640
grid,train,grid\train\good\208.jpg,640,640
grid,train,grid\train\good\209.jpg,640,640
grid,train,grid\train\good\210.jpg,640,640
grid,train,grid\train\good\211.jpg,640,640
grid,train,grid\train\good\212.jpg,640,640
grid,train,grid\train\good\213.jpg,640,640
grid,train,grid\train\good\214.jpg,640,640
grid,train,grid\train\good\215.jpg,640,640
grid,train,grid\train\good\216.jpg,640,640
grid,train,grid\train\good\217.jpg,640,640
grid,train,grid\train\good\218.jpg,640,640
grid,train,grid\train\good\219.jpg,640,640
grid,train,grid\train\good\220.jpg,640,640
grid,train,grid\train\good\221.jpg,640,640
grid,train,grid\train\good\222.jpg,640,640
grid,train,grid\train\good\223.jpg,640,640
grid,train,grid\train\good\224.jpg,640,640
grid,train,grid\train\good\225.jpg,640,640
grid,train,grid\train\good\226.jpg,640,640
grid,train,grid\train\good\227.jpg,640,640
grid,train,grid\train\good\228.jpg,640,640
grid,train,grid\train\good\229.jpg,640,640
grid,train,grid\train\good\230.jpg,640,640
grid,train,grid\train\good\231.jpg,640,640
grid,train,grid\train\good\232.jpg,640,640
grid,train,grid\train\good\233.jpg,640,640
grid,train,grid\train\good\234.jpg,640,640
grid,train,grid\train\good\235.jpg,640,640
grid,train,grid\train\good\236.jpg,640,640
grid,train,grid\train\good\237.jpg,640,640
grid,train,grid\train\good\238.jpg,640,640
grid,train,grid\train\good\239.jpg,640,640
grid,train,grid\train\good\240.jpg,640,640
grid,train,grid\train\good\241.jpg,640,640
grid,train,grid\train\good\242.jpg,640,640
grid,train,grid\train\good\243.jpg,640,640
grid,train,grid\train\good\244.jpg,640,640
grid,train,grid\train\good\245.jpg,640,640
grid,train,grid\train\good\246.jpg,640,640
grid,train,grid\train\good\247.jpg,640,640
grid,train,grid\train\good\248.jpg,640,640
grid,train,grid\train\good\249.jpg,640,640
grid,train,grid\train\good\250.jpg,640,640
grid,train,grid\train\good\251.jpg,640,640
grid,train,grid\train\good\252.jpg,640,640
grid,train,grid\train\good\253.jpg,640,640
grid,train,grid\train\good\254.jpg,640,640
grid,train,grid\train\good\255.jpg,640,640
grid,train,grid\train\good\256.jpg,640,640
grid,train,grid\train\good\257.jpg,640,640
grid,train,grid\train\good\258.jpg,640,640
grid,train,grid\train\good\259.jpg,640,640
grid,train,grid\train\good\260.jpg,640,640
grid,train,grid\train\good\261.jpg,640,640
grid,train,grid\train\good\262.jpg,640,640
grid,train,grid\train\good\263.jpg,640,640
hazelnut,test,hazelnut\test\crack\000.jpg,640,640
hazelnut,test,hazelnut\test\crack\001.jpg,640,640
hazelnut,test,hazelnut\test\crack\002.jpg,640,640
hazelnut,test,hazelnut\test\crack\003.jpg,640,640
hazelnut,test,hazelnut\test\crack\004.jpg,640,640
hazelnut,test,hazelnut\test\crack\005.jpg,640,640
hazelnut,test,hazelnut\test\crack\006.jpg,640,640
hazelnut,test,hazelnut\test\crack\007.jpg,640,640
hazelnut,test,hazelnut\test\crack\008.jpg,640,640
hazelnut,test,hazelnut\test\crack\009.jpg,640,640
hazelnut,test,hazelnut\test\crack\010.jpg,640,640
hazelnut,test,hazelnut\test\crack\011.jpg,640,640
hazelnut,test,hazelnut\test\crack\012.jpg,640,640
hazelnut,test,hazelnut\test\crack\013.jpg,640,640
hazelnut,test,hazelnut\test\crack\014.jpg,640,640
hazelnut,test,hazelnut\test\crack\015.jpg,640,640
hazelnut,test,hazelnut\test\crack\016.jpg,640,640
hazelnut,test,hazelnut\test\crack\017.jpg,640,640
hazelnut,test,hazelnut\test\cut\000.jpg,640,640
hazelnut,test,hazelnut\test\cut\001.jpg,640,640
hazelnut,test,hazelnut\test\cut\002.jpg,640,640
hazelnut,test,hazelnut\test\cut\003.jpg,640,640
hazelnut,test,hazelnut\test\cut\004.jpg,640,640
hazelnut,test,hazelnut\test\cut\005.jpg,640,640
hazelnut,test,hazelnut\test\cut\006.jpg,640,640
hazelnut,test,hazelnut\test\cut\007.jpg,640,640
hazelnut,test,hazelnut\test\cut\008.jpg,640,640
hazelnut,test,hazelnut\test\cut\009.jpg,640,640
hazelnut,test,hazelnut\test\cut\010.jpg,640,640
hazelnut,test,hazelnut\test\cut\011.jpg,640,640
hazelnut,test,hazelnut\test\cut\012.jpg,640,640
hazelnut,test,hazelnut\test\cut\013.jpg,640,640
hazelnut,test,hazelnut\test\cut\014.jpg,640,640
hazelnut,test,hazelnut\test\cut\015.jpg,640,640
hazelnut,test,hazelnut\test\cut\016.jpg,640,640
hazelnut,test,hazelnut\test\good\000.jpg,640,640
hazelnut,test,hazelnut\test\good\001.jpg,640,640
hazelnut,test,hazelnut\test\good\002.jpg,640,640
hazelnut,test,hazelnut\test\good\003.jpg,640,640
hazelnut,test,hazelnut\test\good\004.jpg,640,640
hazelnut,test,hazelnut\test\good\005.jpg,640,640
hazelnut,test,hazelnut\test\good\006.jpg,640,640
hazelnut,test,hazelnut\test\good\007.jpg,640,640
hazelnut,test,hazelnut\test\good\008.jpg,640,640
hazelnut,test,hazelnut\test\good\009.jpg,640,640
hazelnut,test,hazelnut\test\good\010.jpg,640,640
hazelnut,test,hazelnut\test\good\011.jpg,640,640
hazelnut,test,hazelnut\test\good\012.jpg,640,640
hazelnut,test,hazelnut\test\good\013.jpg,640,640
hazelnut,test,hazelnut\test\good\014.jpg,640,640
hazelnut,test,hazelnut\test\good\015.jpg,640,640
hazelnut,test,hazelnut\test\good\016.jpg,640,640
hazelnut,test,hazelnut\test\good\017.jpg,640,640
hazelnut,test,hazelnut\test\good\018.jpg,640,640
hazelnut,test,hazelnut\test\good\019.jpg,640,640
hazelnut,test,hazelnut\test\good\020.jpg,640,640
hazelnut,test,hazelnut\test\good\021.jpg,640,640
hazelnut,test,hazelnut\test\good\022.jpg,640,640
hazelnut,test,hazelnut\test\good\023.jpg,640,640
hazelnut,test,hazelnut\test\good\024.jpg,640,640
hazelnut,test,hazelnut\test\good\025.jpg,640,640
hazelnut,test,hazelnut\test\good\026.jpg,640,640
hazelnut,test,hazelnut\test\good\027.jpg,640,640
hazelnut,test,hazelnut\test\good\028.jpg,640,640
hazelnut,test,hazelnut\test\good\029.jpg,640,640
hazelnut,test,hazelnut\test\good\030.jpg,640,640
hazelnut,test,hazelnut\test\good\031.jpg,640,640
hazelnut,test,hazelnut\test\good\032.jpg,640,640
hazelnut,test,hazelnut\test\good\033.jpg,640,640
hazelnut,test,hazelnut\test\good\034.jpg,640,640
hazelnut,test,hazelnut\test\good\035.jpg,640,640
hazelnut,test,hazelnut\test\good\036.jpg,640,640
hazelnut,test,hazelnut\test\good\037.jpg,640,640
hazelnut,test,hazelnut\test\good\038.jpg,640,640
hazelnut,test,hazelnut\test\good\039.jpg,640,640
hazelnut,test,hazelnut\test\hole\000.jpg,640,640
hazelnut,test,hazelnut\test\hole\001.jpg,640,640
hazelnut,test,hazelnut\test\hole\002.jpg,640,640
hazelnut,test,hazelnut\test\hole\003.jpg,640,640
hazelnut,test,hazelnut\test\hole\004.jpg,640,640
hazelnut,test,hazelnut\test\hole\005.jpg,640,640
hazelnut,test,hazelnut\test\hole\006.jpg,640,640
hazelnut,test,hazelnut\test\hole\007.jpg,640,640
hazelnut,test,hazelnut\test\hole\008.jpg,640,640
hazelnut,test,hazelnut\test\hole\009.jpg,640,640
hazelnut,test,hazelnut\test\hole\010.jpg,640,640
hazelnut,test,hazelnut\test\hole\011.jpg,640,640
hazelnut,test,hazelnut\test\hole\012.jpg,640,640
hazelnut,test,hazelnut\test\hole\013.jpg,640,640
hazelnut,test,hazelnut\test\hole\014.jpg,640,640
hazelnut,test,hazelnut\test\hole\015.jpg,640,640
hazelnut,test,hazelnut\test\hole\016.jpg,640,640
hazelnut,test,hazelnut\test\hole\017.jpg,640,640
hazelnut,test,hazelnut\test\print\000.jpg,640,640
hazelnut,test,hazelnut\test\print\001.jpg,640,640
hazelnut,test,hazelnut\test\print\002.jpg,640,640
hazelnut,test,hazelnut\test\print\003.jpg,640,640
hazelnut,test,hazelnut\test\print\004.jpg,640,640
hazelnut,test,hazelnut\test\print\005.jpg,640,640
hazelnut,test,hazelnut\test\print\006.jpg,640,640
hazelnut,test,hazelnut\test\print\007.jpg,640,640
hazelnut,test,hazelnut\test\print\008.jpg,640,640
hazelnut,test,hazelnut\test\print\009.jpg,640,640
hazelnut,test,hazelnut\test\print\010.jpg,640,640
hazelnut,test,hazelnut\test\print\011.jpg,640,640
hazelnut,test,hazelnut\test\print\012.jpg,640,640
hazelnut,test,hazelnut\test\print\013.jpg,640,640
hazelnut,test,hazelnut\test\print\014.jpg,640,640
hazelnut,test,hazelnut\test\print\015.jpg,640,640
hazelnut,test,hazelnut\test\print\016.jpg,640,640
hazelnut,train,hazelnut\train\good\000.jpg,640,640
hazelnut,train,hazelnut\train\good\001.jpg,640,640
hazelnut,train,hazelnut\train\good\002.jpg,640,640
hazelnut,train,hazelnut\train\good\003.jpg,640,640
hazelnut,train,hazelnut\train\good\004.jpg,640,640
hazelnut,train,hazelnut\train\good\005.jpg,640,640
hazelnut,train,hazelnut\train\good\006.jpg,640,640
hazelnut,train,hazelnut\train\good\007.jpg,640,640
hazelnut,train,hazelnut\train\good\008.jpg,640,640
hazelnut,train,hazelnut\train\good\009.jpg,640,640
hazelnut,train,hazelnut\train\good\010.jpg,640,640
hazelnut,train,hazelnut\train\good\011.jpg,640,640
hazelnut,train,hazelnut\train\good\012.jpg,640,640
hazelnut,train,hazelnut\train\good\013.jpg,640,640
hazelnut,train,hazelnut\train\good\014.jpg,640,640
hazelnut,train,hazelnut\train\good\015.jpg,640,640
hazelnut,train,hazelnut\train\good\016.jpg,640,640
hazelnut,train,hazelnut\train\good\017.jpg,640,640
hazelnut,train,hazelnut\train\good\018.jpg,640,640
hazelnut,train,hazelnut\train\good\019.jpg,640,640
hazelnut,train,hazelnut\train\good\020.jpg,640,640
hazelnut,train,hazelnut\train\good\021.jpg,640,640
hazelnut,train,hazelnut\train\good\022.jpg,640,640
hazelnut,train,hazelnut\train\good\023.jpg,640,640
hazelnut,train,hazelnut\train\good\024.jpg,640,640
hazelnut,train,hazelnut\train\good\025.jpg,640,640
hazelnut,train,hazelnut\train\good\026.jpg,640,640
hazelnut,train,hazelnut\train\good\027.jpg,640,640
hazelnut,train,hazelnut\train\good\028.jpg,640,640
hazelnut,train,hazelnut\train\good\029.jpg,640,640
hazelnut,train,hazelnut\train\good\030.jpg,640,640
hazelnut,train,hazelnut\train\good\031.jpg,640,640
hazelnut,train,hazelnut\train\good\032.jpg,640,640
hazelnut,train,hazelnut\train\good\033.jpg,640,640
hazelnut,train,hazelnut\train\good\034.jpg,640,640
hazelnut,train,hazelnut\train\good\035.jpg,640,640
hazelnut,train,hazelnut\train\good\036.jpg,640,640
hazelnut,train,hazelnut\train\good\037.jpg,640,640
hazelnut,train,hazelnut\train\good\038.jpg,640,640
hazelnut,train,hazelnut\train\good\039.jpg,640,640
hazelnut,train,hazelnut\train\good\040.jpg,640,640
hazelnut,train,hazelnut\train\good\041.jpg,640,640
hazelnut,train,hazelnut\train\good\042.jpg,640,640
hazelnut,train,hazelnut\train\good\043.jpg,640,640
hazelnut,train,hazelnut\train\good\044.jpg,640,640
hazelnut,train,hazelnut\train\good\045.jpg,640,640
hazelnut,train,hazelnut\train\good\046.jpg,640,640
hazelnut,train,hazelnut\train\good\047.jpg,640,640
hazelnut,train,hazelnut\train\good\048.jpg,640,640
hazelnut,train,hazelnut\train\good\049.jpg,640,640
hazelnut,train,hazelnut\train\good\050.jpg,640,640
hazelnut,train,hazelnut\train\good\051.jpg,640,640
hazelnut,train,hazelnut\train\good\052.jpg,640,640
hazelnut,train,hazelnut\train\good\053.jpg,640,640
hazelnut,train,hazelnut\train\good\054.jpg,640,640
hazelnut,train,hazelnut\train\good\055.jpg,640,640
hazelnut,train,hazelnut\train\good\056.jpg,640,640
hazelnut,train,hazelnut\train\good\057.jpg,640,640
hazelnut,train,hazelnut\train\good\058.jpg,640,640
hazelnut,train,hazelnut\train\good\059.jpg,640,640
hazelnut,train,hazelnut\train\good\060.jpg,640,640
hazelnut,train,hazelnut\train\good\061.jpg,640,640
hazelnut,train,hazelnut\train\good\062.jpg,640,640
hazelnut,train,hazelnut\train\good\063.jpg,640,640
hazelnut,train,hazelnut\train\good\064.jpg,640,640
hazelnut,train,hazelnut\train\good\065.jpg,640,640
hazelnut,train,hazelnut\train\good\066.jpg,640,640
hazelnut,train,hazelnut\train\good\067.jpg,640,640
hazelnut,train,hazelnut\train\good\068.jpg,640,640
hazelnut,train,hazelnut\train\good\069.jpg,640,640
hazelnut,train,hazelnut\train\good\070.jpg,640,640
hazelnut,train,hazelnut\train\good\071.jpg,640,640
hazelnut,train,hazelnut\train\good\072.jpg,640,640
hazelnut,train,hazelnut\train\good\073.jpg,640,640
hazelnut,train,hazelnut\train\good\074.jpg,640,640
hazelnut,train,hazelnut\train\good\075.jpg,640,640
hazelnut,train,hazelnut\train\good\076.jpg,640,640
hazelnut,train,hazelnut\train\good\077.jpg,640,640
hazelnut,train,hazelnut\train\good\078.jpg,640,640
hazelnut,train,hazelnut\train\good\079.jpg,640,640
hazelnut,train,hazelnut\train\good\080.jpg,640,640
hazelnut,train,hazelnut\train\good\081.jpg,640,640
hazelnut,train,hazelnut\train\good\082.jpg,640,640
hazelnut,train,hazelnut\train\good\083.jpg,640,640
hazelnut,train,hazelnut\train\good\084.jpg,640,640
hazelnut,train,hazelnut\train\good\085.jpg,640,640
hazelnut,train,hazelnut\train\good\086.jpg,640,640
hazelnut,train,hazelnut\train\good\087.jpg,640,640
hazelnut,train,hazelnut\train\good\088.jpg,640,640
hazelnut,train,hazelnut\train\good\089.jpg,640,640
hazelnut,train,hazelnut\train\good\090.jpg,640,640
hazelnut,train,hazelnut\train\good\091.jpg,640,640
hazelnut,train,hazelnut\train\good\092.jpg,640,640
hazelnut,train,hazelnut\train\good\093.jpg,640,640
hazelnut,train,hazelnut\train\good\094.jpg,640,640
hazelnut,train,hazelnut\train\good\095.jpg,640,640
hazelnut,train,hazelnut\train\good\096.jpg,640,640
hazelnut,train,hazelnut\train\good\097.jpg,640,640
hazelnut,train,hazelnut\train\good\098.jpg,640,640
hazelnut,train,hazelnut\train\good\099.jpg,640,640
hazelnut,train,hazelnut\train\good\100.jpg,640,640
hazelnut,train,hazelnut\train\good\101.jpg,640,640
hazelnut,train,hazelnut\train\good\102.jpg,640,640
hazelnut,train,hazelnut\train\good\103.jpg,640,640
hazelnut,train,hazelnut\train\good\104.jpg,640,640
hazelnut,train,hazelnut\train\good\105.jpg,640,640
hazelnut,train,hazelnut\train\good\106.jpg,640,640
hazelnut,train,hazelnut\train\good\107.jpg,640,640
hazelnut,train,hazelnut\train\good\108.jpg,640,640
hazelnut,train,hazelnut\train\good\109.jpg,640,640
hazelnut,train,hazelnut\train\good\110.jpg,640,640
hazelnut,train,hazelnut\train\good\111.jpg,640,640
hazelnut,train,hazelnut\train\good\112.jpg,640,640
hazelnut,train,hazelnut\train\good\113.jpg,640,640
hazelnut,train,hazelnut\train\good\114.jpg,640,640
hazelnut,train,hazelnut\train\good\115.jpg,640,640
hazelnut,train,hazelnut\train\good\116.jpg,640,640
hazelnut,train,hazelnut\train\good\117.jpg,640,640
hazelnut,train,hazelnut\train\good\118.jpg,640,640
hazelnut,train,hazelnut\train\good\119.jpg,640,640
hazelnut,train,hazelnut\train\good\120.jpg,640,640
hazelnut,train,hazelnut\train\good\121.jpg,640,640
hazelnut,train,hazelnut\train\good\122.jpg,640,640
hazelnut,train,hazelnut\train\good\123.jpg,640,640
hazelnut,train,hazelnut\train\good\124.jpg,640,640
hazelnut,train,hazelnut\train\good\125.jpg,640,640
hazelnut,train,hazelnut\train\good\126.jpg,640,640
hazelnut,train,hazelnut\train\good\127.jpg,640,640
hazelnut,train,hazelnut\train\good\128.jpg,640,640
hazelnut,train,hazelnut\train\good\129.jpg,640,640
hazelnut,train,hazelnut\train\good\130.jpg,640,640
hazelnut,train,hazelnut\train\good\131.jpg,640,640
hazelnut,train,hazelnut\train\good\132.jpg,640,640
hazelnut,train,hazelnut\train\good\133.jpg,640,640
hazelnut,train,hazelnut\train\good\134.jpg,640,640
hazelnut,train,hazelnut\train\good\135.jpg,640,640
hazelnut,train,hazelnut\train\good\136.jpg,640,640
hazelnut,train,hazelnut\train\good\137.jpg,640,640
hazelnut,train,hazelnut\train\good\138.jpg,640,640
hazelnut,train,hazelnut\train\good\139.jpg,640,640
hazelnut,train,hazelnut\train\good\140.jpg,640,640
hazelnut,train,hazelnut\train\good\141.jpg,640,640
hazelnut,train,hazelnut\train\good\142.jpg,640,640
hazelnut,train,hazelnut\train\good\143.jpg,640,640
hazelnut,train,hazelnut\train\good\144.jpg,640,640
hazelnut,train,hazelnut\train\good\145.jpg,640,640
hazelnut,train,hazelnut\train\good\146.jpg,640,640
hazelnut,train,hazelnut\train\good\147.jpg,640,640
hazelnut,train,hazelnut\train\good\148.jpg,640,640
hazelnut,train,hazelnut\train\good\149.jpg,640,640
hazelnut,train,hazelnut\train\good\150.jpg,640,640
hazelnut,train,hazelnut\train\good\151.jpg,640,640
hazelnut,train,hazelnut\train\good\152.jpg,640,640
hazelnut,train,hazelnut\train\good\153.jpg,640,640
hazelnut,train,hazelnut\train\good\154.jpg,640,640
hazelnut,train,hazelnut\train\good\155.jpg,640,640
hazelnut,train,hazelnut\train\good\156.jpg,640,640
hazelnut,train,hazelnut\train\good\157.jpg,640,640
hazelnut,train,hazelnut\train\good\158.jpg,640,640
hazelnut,train,hazelnut\train\good\159.jpg,640,640
hazelnut,train,hazelnut\train\good\160.jpg,640,640
hazelnut,train,hazelnut\train\good\161.jpg,640,640
hazelnut,train,hazelnut\train\good\162.jpg,640,640
hazelnut,train,hazelnut\train\good\163.jpg,640,640
hazelnut,train,hazelnut\train\good\164.jpg,640,640
hazelnut,train,hazelnut\train\good\165.jpg,640,640
hazelnut,train,hazelnut\train\good\166.jpg,640,640
hazelnut,train,hazelnut\train\good\167.jpg,640,640
hazelnut,train,hazelnut\train\good\168.jpg,640,640
hazelnut,train,hazelnut\train\good\169.jpg,640,640
hazelnut,train,hazelnut\train\good\170.jpg,640,640
hazelnut,train,hazelnut\train\good\171.jpg,640,640
hazelnut,train,hazelnut\train\good\172.jpg,640,640
hazelnut,train,hazelnut\train\good\173.jpg,640,640
hazelnut,train,hazelnut\train\good\174.jpg,640,640
hazelnut,train,hazelnut\train\good\175.jpg,640,640
hazelnut,train,hazelnut\train\good\176.jpg,640,640
hazelnut,train,hazelnut\train\good\177.jpg,640,640
hazelnut,train,hazelnut\train\good\178.jpg,640,640
hazelnut,train,hazelnut\train\good\179.jpg,640,640
hazelnut,train,hazelnut\train\good\180.jpg,640,640
hazelnut,train,hazelnut\train\good\181.jpg,640,640
hazelnut,train,hazelnut\train\good\182.jpg,640,640
hazelnut,train,hazelnut\train\good\183.jpg,640,640
hazelnut,train,hazelnut\train\good\184.jpg,640,640
hazelnut,train,hazelnut\train\good\185.jpg,640,640
hazelnut,train,hazelnut\train\good\186.jpg,640,640
hazelnut,train,hazelnut\train\good\187.jpg,640,640
hazelnut,train,hazelnut\train\good\188.jpg,640,640
hazelnut,train,hazelnut\train\good\189.jpg,640,640
hazelnut,train,hazelnut\train\good\190.jpg,640,640
hazelnut,train,hazelnut\train\good\191.jpg,640,640
hazelnut,train,hazelnut\train\good\192.jpg,640,640
hazelnut,train,hazelnut\train\good\193.jpg,640,640
hazelnut,train,hazelnut\train\good\194.jpg,640,640
hazelnut,train,hazelnut\train\good\195.jpg,640,640
hazelnut,train,hazelnut\train\good\196.jpg,640,640
hazelnut,train,hazelnut\train\good\197.jpg,640,640
hazelnut,train,hazelnut\train\good\198.jpg,640,640
hazelnut,train,hazelnut\train\good\199.jpg,640,640
hazelnut,train,hazelnut\train\good\200.jpg,640,640
hazelnut,train,hazelnut\train\good\201.jpg,640,640
hazelnut,train,hazelnut\train\good\202.jpg,640,640
hazelnut,train,hazelnut\train\good\203.jpg,640,640
hazelnut,train,hazelnut\train\good\204.jpg,640,640
hazelnut,train,hazelnut\train\good\205.jpg,640,640
hazelnut,train,hazelnut\train\good\206.jpg,640,640
hazelnut,train,hazelnut\train\good\207.jpg,640,640
hazelnut,train,hazelnut\train\good\208.jpg,640,640
hazelnut,train,hazelnut\train\good\209.jpg,640,640
hazelnut,train,hazelnut\train\good\210.jpg,640,640
hazelnut,train,hazelnut\train\good\211.jpg,640,640
hazelnut,train,hazelnut\train\good\212.jpg,640,640
hazelnut,train,hazelnut\train\good\213.jpg,640,640
hazelnut,train,hazelnut\train\good\214.jpg,640,640
hazelnut,train,hazelnut\train\good\215.jpg,640,640
hazelnut,train,hazelnut\train\good\216.jpg,640,640
hazelnut,train,hazelnut\train\good\217.jpg,640,640
hazelnut,train,hazelnut\train\good\218.jpg,640,640
hazelnut,train,hazelnut\train\good\219.jpg,640,640
hazelnut,train,hazelnut\train\good\220.jpg,640,640
hazelnut,train,hazelnut\train\good\221.jpg,640,640
hazelnut,train,hazelnut\train\good\222.jpg,640,640
hazelnut,train,hazelnut\train\good\223.jpg,640,640
hazelnut,train,hazelnut\train\good\224.jpg,640,640
hazelnut,train,hazelnut\train\good\225.jpg,640,640
hazelnut,train,hazelnut\train\good\226.jpg,640,640
hazelnut,train,hazelnut\train\good\227.jpg,640,640
hazelnut,train,hazelnut\train\good\228.jpg,640,640
hazelnut,train,hazelnut\train\good\229.jpg,640,640
hazelnut,train,hazelnut\train\good\230.jpg,640,640
hazelnut,train,hazelnut\train\good\231.jpg,640,640
hazelnut,train,hazelnut\train\good\232.jpg,640,640
hazelnut,train,hazelnut\train\good\233.jpg,640,640
hazelnut,train,hazelnut\train\good\234.jpg,640,640
hazelnut,train,hazelnut\train\good\235.jpg,640,640
hazelnut,train,hazelnut\train\good\236.jpg,640,640
hazelnut,train,hazelnut\train\good\237.jpg,640,640
hazelnut,train,hazelnut\train\good\238.jpg,640,640
hazelnut,train,hazelnut\train\good\239.jpg,640,640
hazelnut,train,hazelnut\train\good\240.jpg,640,640
hazelnut,train,hazelnut\train\good\241.jpg,640,640
hazelnut,train,hazelnut\train\good\242.jpg,640,640
hazelnut,train,hazelnut\train\good\243.jpg,640,640
hazelnut,train,hazelnut\train\good\244.jpg,640,640
hazelnut,train,hazelnut\train\good\245.jpg,640,640
hazelnut,train,hazelnut\train\good\246.jpg,640,640
hazelnut,train,hazelnut\train\good\247.jpg,640,640
hazelnut,train,hazelnut\train\good\248.jpg,640,640
hazelnut,train,hazelnut\train\good\249.jpg,640,640
hazelnut,train,hazelnut\train\good\250.jpg,640,640
hazelnut,train,hazelnut\train\good\251.jpg,640,640
hazelnut,train,hazelnut\train\good\252.jpg,640,640
hazelnut,train,hazelnut\train\good\253.jpg,640,640
hazelnut,train,hazelnut\train\good\254.jpg,640,640
hazelnut,train,hazelnut\train\good\255.jpg,640,640
hazelnut,train,hazelnut\train\good\256.jpg,640,640
hazelnut,train,hazelnut\train\good\257.jpg,640,640
hazelnut,train,hazelnut\train\good\258.jpg,640,640
hazelnut,train,hazelnut\train\good\259.jpg,640,640
hazelnut,train,hazelnut\train\good\260.jpg,640,640
hazelnut,train,hazelnut\train\good\261.jpg,640,640
hazelnut,train,hazelnut\train\good\262.jpg,640,640
hazelnut,train,hazelnut\train\good\263.jpg,640,640
hazelnut,train,hazelnut\train\good\264.jpg,640,640
hazelnut,train,hazelnut\train\good\265.jpg,640,640
hazelnut,train,hazelnut\train\good\266.jpg,640,640
hazelnut,train,hazelnut\train\good\267.jpg,640,640
hazelnut,train,hazelnut\train\good\268.jpg,640,640
hazelnut,train,hazelnut\train\good\269.jpg,640,640
hazelnut,train,hazelnut\train\good\270.jpg,640,640
hazelnut,train,hazelnut\train\good\271.jpg,640,640
hazelnut,train,hazelnut\train\good\272.jpg,640,640
hazelnut,train,hazelnut\train\good\273.jpg,640,640
hazelnut,train,hazelnut\train\good\274.jpg,640,640
hazelnut,train,hazelnut\train\good\275.jpg,640,640
hazelnut,train,hazelnut\train\good\276.jpg,640,640
hazelnut,train,hazelnut\train\good\277.jpg,640,640
hazelnut,train,hazelnut\train\good\278.jpg,640,640
hazelnut,train,hazelnut\train\good\279.jpg,640,640
hazelnut,train,hazelnut\train\good\280.jpg,640,640
hazelnut,train,hazelnut\train\good\281.jpg,640,640
hazelnut,train,hazelnut\train\good\282.jpg,640,640
hazelnut,train,hazelnut\train\good\283.jpg,640,640
hazelnut,train,hazelnut\train\good\284.jpg,640,640
hazelnut,train,hazelnut\train\good\285.jpg,640,640
hazelnut,train,hazelnut\train\good\286.jpg,640,640
hazelnut,train,hazelnut\train\good\287.jpg,640,640
hazelnut,train,hazelnut\train\good\288.jpg,640,640
hazelnut,train,hazelnut\train\good\289.jpg,640,640
hazelnut,train,hazelnut\train\good\290.jpg,640,640
hazelnut,train,hazelnut\train\good\291.jpg,640,640
hazelnut,train,hazelnut\train\good\292.jpg,640,640
hazelnut,train,hazelnut\train\good\293.jpg,640,640
hazelnut,train,hazelnut\train\good\294.jpg,640,640
hazelnut,train,hazelnut\train\good\295.jpg,640,640
hazelnut,train,hazelnut\train\good\296.jpg,640,640
hazelnut,train,hazelnut\train\good\297.jpg,640,640
hazelnut,train,hazelnut\train\good\298.jpg,640,640
hazelnut,train,hazelnut\train\good\299.jpg,640,640
hazelnut,train,hazelnut\train\good\300.jpg,640,640
hazelnut,train,hazelnut\train\good\301.jpg,640,640
hazelnut,train,hazelnut\train\good\302.jpg,640,640
hazelnut,train,hazelnut\train\good\303.jpg,640,640
hazelnut,train,hazelnut\train\good\304.jpg,640,640
hazelnut,train,hazelnut\train\good\305.jpg,640,640
hazelnut,train,hazelnut\train\good\306.jpg,640,640
hazelnut,train,hazelnut\train\good\307.jpg,640,640
hazelnut,train,hazelnut\train\good\308.jpg,640,640
hazelnut,train,hazelnut\train\good\309.jpg,640,640
hazelnut,train,hazelnut\train\good\310.jpg,640,640
hazelnut,train,hazelnut\train\good\311.jpg,640,640
hazelnut,train,hazelnut\train\good\312.jpg,640,640
hazelnut,train,hazelnut\train\good\313.jpg,640,640
hazelnut,train,hazelnut\train\good\314.jpg,640,640
hazelnut,train,hazelnut\train\good\315.jpg,640,640
hazelnut,train,hazelnut\train\good\316.jpg,640,640
hazelnut,train,hazelnut\train\good\317.jpg,640,640
hazelnut,train,hazelnut\train\good\318.jpg,640,640
hazelnut,train,hazelnut\train\good\319.jpg,640,640
hazelnut,train,hazelnut\train\good\320.jpg,640,640
hazelnut,train,hazelnut\train\good\321.jpg,640,640
hazelnut,train,hazelnut\train\good\322.jpg,640,640
hazelnut,train,hazelnut\train\good\323.jpg,640,640
hazelnut,train,hazelnut\train\good\324.jpg,640,640
hazelnut,train,hazelnut\train\good\325.jpg,640,640
hazelnut,train,hazelnut\train\good\326.jpg,640,640
hazelnut,train,hazelnut\train\good\327.jpg,640,640
hazelnut,train,hazelnut\train\good\328.jpg,640,640
hazelnut,train,hazelnut\train\good\329.jpg,640,640
hazelnut,train,hazelnut\train\good\330.jpg,640,640
hazelnut,train,hazelnut\train\good\331.jpg,640,640
hazelnut,train,hazelnut\train\good\332.jpg,640,640
hazelnut,train,hazelnut\train\good\333.jpg,640,640
hazelnut,train,hazelnut\train\good\334.jpg,640,640
hazelnut,train,hazelnut\train\good\335.jpg,640,640
hazelnut,train,hazelnut\train\good\336.jpg,640,640
hazelnut,train,hazelnut\train\good\337.jpg,640,640
hazelnut,train,hazelnut\train\good\338.jpg,640,640
hazelnut,train,hazelnut\train\good\339.jpg,640,640
hazelnut,train,hazelnut\train\good\340.jpg,640,640
hazelnut,train,hazelnut\train\good\341.jpg,640,640
hazelnut,train,hazelnut\train\good\342.jpg,640,640
hazelnut,train,hazelnut\train\good\343.jpg,640,640
hazelnut,train,hazelnut\train\good\344.jpg,640,640
hazelnut,train,hazelnut\train\good\345.jpg,640,640
hazelnut,train,hazelnut\train\good\346.jpg,640,640
hazelnut,train,hazelnut\train\good\347.jpg,640,640
hazelnut,train,hazelnut\train\good\348.jpg,640,640
hazelnut,train,hazelnut\train\good\349.jpg,640,640
hazelnut,train,hazelnut\train\good\350.jpg,640,640
hazelnut,train,hazelnut\train\good\351.jpg,640,640
hazelnut,train,hazelnut\train\good\352.jpg,640,640
hazelnut,train,hazelnut\train\good\353.jpg,640,640
hazelnut,train,hazelnut\train\good\354.jpg,640,640
hazelnut,train,hazelnut\train\good\355.jpg,640,640
hazelnut,train,hazelnut\train\good\356.jpg,640,640
hazelnut,train,hazelnut\train\good\357.jpg,640,640
hazelnut,train,hazelnut\train\good\358.jpg,640,640
hazelnut,train,hazelnut\train\good\359.jpg,640,640
hazelnut,train,hazelnut\train\good\360.jpg,640,640
hazelnut,train,hazelnut\train\good\361.jpg,640,640
hazelnut,train,hazelnut\train\good\362.jpg,640,640
hazelnut,train,hazelnut\train\good\363.jpg,640,640
hazelnut,train,hazelnut\train\good\364.jpg,640,640
hazelnut,train,hazelnut\train\good\365.jpg,640,640
hazelnut,train,hazelnut\train\good\366.jpg,640,640
hazelnut,train,hazelnut\train\good\367.jpg,640,640
hazelnut,train,hazelnut\train\good\368.jpg,640,640
hazelnut,train,hazelnut\train\good\369.jpg,640,640
hazelnut,train,hazelnut\train\good\370.jpg,640,640
hazelnut,train,hazelnut\train\good\371.jpg,640,640
hazelnut,train,hazelnut\train\good\372.jpg,640,640
hazelnut,train,hazelnut\train\good\373.jpg,640,640
hazelnut,train,hazelnut\train\good\374.jpg,640,640
hazelnut,train,hazelnut\train\good\375.jpg,640,640
hazelnut,train,hazelnut\train\good\376.jpg,640,640
hazelnut,train,hazelnut\train\good\377.jpg,640,640
hazelnut,train,hazelnut\train\good\378.jpg,640,640
hazelnut,train,hazelnut\train\good\379.jpg,640,640
hazelnut,train,hazelnut\train\good\380.jpg,640,640
hazelnut,train,hazelnut\train\good\381.jpg,640,640
hazelnut,train,hazelnut\train\good\382.jpg,640,640
hazelnut,train,hazelnut\train\good\383.jpg,640,640
hazelnut,train,hazelnut\train\good\384.jpg,640,640
hazelnut,train,hazelnut\train\good\385.jpg,640,640
hazelnut,train,hazelnut\train\good\386.jpg,640,640
hazelnut,train,hazelnut\train\good\387.jpg,640,640
hazelnut,train,hazelnut\train\good\388.jpg,640,640
hazelnut,train,hazelnut\train\good\389.jpg,640,640
hazelnut,train,hazelnut\train\good\390.jpg,640,640
leather,test,leather\test\color\000.jpg,640,640
leather,test,leather\test\color\001.jpg,640,640
leather,test,leather\test\color\002.jpg,640,640
leather,test,leather\test\color\003.jpg,640,640
leather,test,leather\test\color\004.jpg,640,640
leather,test,leather\test\color\005.jpg,640,640
leather,test,leather\test\color\006.jpg,640,640
leather,test,leather\test\color\007.jpg,640,640
leather,test,leather\test\color\008.jpg,640,640
leather,test,leather\test\color\009.jpg,640,640
leather,test,leather\test\color\010.jpg,640,640
leather,test,leather\test\color\011.jpg,640,640
leather,test,leather\test\color\012.jpg,640,640
leather,test,leather\test\color\013.jpg,640,640
leather,test,leather\test\color\014.jpg,640,640
leather,test,leather\test\color\015.jpg,640,640
leather,test,leather\test\color\016.jpg,640,640
leather,test,leather\test\color\017.jpg,640,640
leather,test,leather\test\color\018.jpg,640,640
leather,test,leather\test\cut\000.jpg,640,640
leather,test,leather\test\cut\001.jpg,640,640
leather,test,leather\test\cut\002.jpg,640,640
leather,test,leather\test\cut\003.jpg,640,640
leather,test,leather\test\cut\004.jpg,640,640
leather,test,leather\test\cut\005.jpg,640,640
leather,test,leather\test\cut\006.jpg,640,640
leather,test,leather\test\cut\007.jpg,640,640
leather,test,leather\test\cut\008.jpg,640,640
leather,test,leather\test\cut\009.jpg,640,640
leather,test,leather\test\cut\010.jpg,640,640
leather,test,leather\test\cut\011.jpg,640,640
leather,test,leather\test\cut\012.jpg,640,640
leather,test,leather\test\cut\013.jpg,640,640
leather,test,leather\test\cut\014.jpg,640,640
leather,test,leather\test\cut\015.jpg,640,640
leather,test,leather\test\cut\016.jpg,640,640
leather,test,leather\test\cut\017.jpg,640,640
leather,test,leather\test\cut\018.jpg,640,640
leather,test,leather\test\fold\000.jpg,640,640
leather,test,leather\test\fold\001.jpg,640,640
leather,test,leather\test\fold\002.jpg,640,640
leather,test,leather\test\fold\003.jpg,640,640
leather,test,leather\test\fold\004.jpg,640,640
leather,test,leather\test\fold\005.jpg,640,640
leather,test,leather\test\fold\006.jpg,640,640
leather,test,leather\test\fold\007.jpg,640,640
leather,test,leather\test\fold\008.jpg,640,640
leather,test,leather\test\fold\009.jpg,640,640
leather,test,leather\test\fold\010.jpg,640,640
leather,test,leather\test\fold\011.jpg,640,640
leather,test,leather\test\fold\012.jpg,640,640
leather,test,leather\test\fold\013.jpg,640,640
leather,test,leather\test\fold\014.jpg,640,640
leather,test,leather\test\fold\015.jpg,640,640
leather,test,leather\test\fold\016.jpg,640,640
leather,test,leather\test\glue\000.jpg,640,640
leather,test,leather\test\glue\001.jpg,640,640
leather,test,leather\test\glue\002.jpg,640,640
leather,test,leather\test\glue\003.jpg,640,640
leather,test,leather\test\glue\004.jpg,640,640
leather,test,leather\test\glue\005.jpg,640,640
leather,test,leather\test\glue\006.jpg,640,640
leather,test,leather\test\glue\007.jpg,640,640
leather,test,leather\test\glue\008.jpg,640,640
leather,test,leather\test\glue\009.jpg,640,640
leather,test,leather\test\glue\010.jpg,640,640
leather,test,leather\test\glue\011.jpg,640,640
leather,test,leather\test\glue\012.jpg,640,640
leather,test,leather\test\glue\013.jpg,640,640
leather,test,leather\test\glue\014.jpg,640,640
leather,test,leather\test\glue\015.jpg,640,640
leather,test,leather\test\glue\016.jpg,640,640
leather,test,leather\test\glue\017.jpg,640,640
leather,test,leather\test\glue\018.jpg,640,640
leather,test,leather\test\good\000.jpg,640,640
leather,test,leather\test\good\001.jpg,640,640
leather,test,leather\test\good\002.jpg,640,640
leather,test,leather\test\good\003.jpg,640,640
leather,test,leather\test\good\004.jpg,640,640
leather,test,leather\test\good\005.jpg,640,640
leather,test,leather\test\good\006.jpg,640,640
leather,test,leather\test\good\007.jpg,640,640
leather,test,leather\test\good\008.jpg,640,640
leather,test,leather\test\good\009.jpg,640,640
leather,test,leather\test\good\010.jpg,640,640
leather,test,leather\test\good\011.jpg,640,640
leather,test,leather\test\good\012.jpg,640,640
leather,test,leather\test\good\013.jpg,640,640
leather,test,leather\test\good\014.jpg,640,640
leather,test,leather\test\good\015.jpg,640,640
leather,test,leather\test\good\016.jpg,640,640
leather,test,leather\test\good\017.jpg,640,640
leather,test,leather\test\good\018.jpg,640,640
leather,test,leather\test\good\019.jpg,640,640
leather,test,leather\test\good\020.jpg,640,640
leather,test,leather\test\good\021.jpg,640,640
leather,test,leather\test\good\022.jpg,640,640
leather,test,leather\test\good\023.jpg,640,640
leather,test,leather\test\good\024.jpg,640,640
leather,test,leather\test\good\025.jpg,640,640
leather,test,leather\test\good\026.jpg,640,640
leather,test,leather\test\good\027.jpg,640,640
leather,test,leather\test\good\028.jpg,640,640
leather,test,leather\test\good\029.jpg,640,640
leather,test,leather\test\good\030.jpg,640,640
leather,test,leather\test\good\031.jpg,640,640
leather,test,leather\test\poke\000.jpg,640,640
leather,test,leather\test\poke\001.jpg,640,640
leather,test,leather\test\poke\002.jpg,640,640
leather,test,leather\test\poke\003.jpg,640,640
leather,test,leather\test\poke\004.jpg,640,640
leather,test,leather\test\poke\005.jpg,640,640
leather,test,leather\test\poke\006.jpg,640,640
leather,test,leather\test\poke\007.jpg,640,640
leather,test,leather\test\poke\008.jpg,640,640
leather,test,leather\test\poke\009.jpg,640,640
leather,test,leather\test\poke\010.jpg,640,640
leather,test,leather\test\poke\011.jpg,640,640
leather,test,leather\test\poke\012.jpg,640,640
leather,test,leather\test\poke\013.jpg,640,640
leather,test,leather\test\poke\014.jpg,640,640
leather,test,leather\test\poke\015.jpg,640,640
leather,test,leather\test\poke\016.jpg,640,640
leather,test,leather\test\poke\017.jpg,640,640
leather,train,leather\train\good\000.jpg,640,640
leather,train,leather\train\good\001.jpg,640,640
leather,train,leather\train\good\002.jpg,640,640
leather,train,leather\train\good\003.jpg,640,640
leather,train,leather\train\good\004.jpg,640,640
leather,train,leather\train\good\005.jpg,640,640
leather,train,leather\train\good\006.jpg,640,640
leather,train,leather\train\good\007.jpg,640,640
leather,train,leather\train\good\008.jpg,640,640
leather,train,leather\train\good\009.jpg,640,640
leather,train,leather\train\good\010.jpg,640,640
leather,train,leather\train\good\011.jpg,640,640
leather,train,leather\train\good\012.jpg,640,640
leather,train,leather\train\good\013.jpg,640,640
leather,train,leather\train\good\014.jpg,640,640
leather,train,leather\train\good\015.jpg,640,640
leather,train,leather\train\good\016.jpg,640,640
leather,train,leather\train\good\017.jpg,640,640
leather,train,leather\train\good\018.jpg,640,640
leather,train,leather\train\good\019.jpg,640,640
leather,train,leather\train\good\020.jpg,640,640
leather,train,leather\train\good\021.jpg,640,640
leather,train,leather\train\good\022.jpg,640,640
leather,train,leather\train\good\023.jpg,640,640
leather,train,leather\train\good\024.jpg,640,640
leather,train,leather\train\good\025.jpg,640,640
leather,train,leather\train\good\026.jpg,640,640
leather,train,leather\train\good\027.jpg,640,640
leather,train,leather\train\good\028.jpg,640,640
leather,train,leather\train\good\029.jpg,640,640
leather,train,leather\train\good\030.jpg,640,640
leather,train,leather\train\good\031.jpg,640,640
leather,train,leather\train\good\032.jpg,640,640
leather,train,leather\train\good\033.jpg,640,640
leather,train,leather\train\good\034.jpg,640,640
leather,train,leather\train\good\035.jpg,640,640
leather,train,leather\train\good\036.jpg,640,640
leather,train,leather\train\good\037.jpg,640,640
leather,train,leather\train\good\038.jpg,640,640
leather,train,leather\train\good\039.jpg,640,640
leather,train,leather\train\good\040.jpg,640,640
leather,train,leather\train\good\041.jpg,640,640
leather,train,leather\train\good\042.jpg,640,640
leather,train,leather\train\good\043.jpg,640,640
leather,train,leather\train\good\044.jpg,640,640
leather,train,leather\train\good\045.jpg,640,640
leather,train,leather\train\good\046.jpg,640,640
leather,train,leather\train\good\047.jpg,640,640
leather,train,leather\train\good\048.jpg,640,640
leather,train,leather\train\good\049.jpg,640,640
leather,train,leather\train\good\050.jpg,640,640
leather,train,leather\train\good\051.jpg,640,640
leather,train,leather\train\good\052.jpg,640,640
leather,train,leather\train\good\053.jpg,640,640
leather,train,leather\train\good\054.jpg,640,640
leather,train,leather\train\good\055.jpg,640,640
leather,train,leather\train\good\056.jpg,640,640
leather,train,leather\train\good\057.jpg,640,640
leather,train,leather\train\good\058.jpg,640,640
leather,train,leather\train\good\059.jpg,640,640
leather,train,leather\train\good\060.jpg,640,640
leather,train,leather\train\good\061.jpg,640,640
leather,train,leather\train\good\062.jpg,640,640
leather,train,leather\train\good\063.jpg,640,640
leather,train,leather\train\good\064.jpg,640,640
leather,train,leather\train\good\065.jpg,640,640
leather,train,leather\train\good\066.jpg,640,640
leather,train,leather\train\good\067.jpg,640,640
leather,train,leather\train\good\068.jpg,640,640
leather,train,leather\train\good\069.jpg,640,640
leather,train,leather\train\good\070.jpg,640,640
leather,train,leather\train\good\071.jpg,640,640
leather,train,leather\train\good\072.jpg,640,640
leather,train,leather\train\good\073.jpg,640,640
leather,train,leather\train\good\074.jpg,640,640
leather,train,leather\train\good\075.jpg,640,640
leather,train,leather\train\good\076.jpg,640,640
leather,train,leather\train\good\077.jpg,640,640
leather,train,leather\train\good\078.jpg,640,640
leather,train,leather\train\good\079.jpg,640,640
leather,train,leather\train\good\080.jpg,640,640
leather,train,leather\train\good\081.jpg,640,640
leather,train,leather\train\good\082.jpg,640,640
leather,train,leather\train\good\083.jpg,640,640
leather,train,leather\train\good\084.jpg,640,640
leather,train,leather\train\good\085.jpg,640,640
leather,train,leather\train\good\086.jpg,640,640
leather,train,leather\train\good\087.jpg,640,640
leather,train,leather\train\good\088.jpg,640,640
leather,train,leather\train\good\089.jpg,640,640
leather,train,leather\train\good\090.jpg,640,640
leather,train,leather\train\good\091.jpg,640,640
leather,train,leather\train\good\092.jpg,640,640
leather,train,leather\train\good\093.jpg,640,640
leather,train,leather\train\good\094.jpg,640,640
leather,train,leather\train\good\095.jpg,640,640
leather,train,leather\train\good\096.jpg,640,640
leather,train,leather\train\good\097.jpg,640,640
leather,train,leather\train\good\098.jpg,640,640
leather,train,leather\train\good\099.jpg,640,640
leather,train,leather\train\good\100.jpg,640,640
leather,train,leather\train\good\101.jpg,640,640
leather,train,leather\train\good\102.jpg,640,640
leather,train,leather\train\good\103.jpg,640,640
leather,train,leather\train\good\104.jpg,640,640
leather,train,leather\train\good\105.jpg,640,640
leather,train,leather\train\good\106.jpg,640,640
leather,train,leather\train\good\107.jpg,640,640
leather,train,leather\train\good\108.jpg,640,640
leather,train,leather\train\good\109.jpg,640,640
leather,train,leather\train\good\110.jpg,640,640
leather,train,leather\train\good\111.jpg,640,640
leather,train,leather\train\good\112.jpg,640,640
leather,train,leather\train\good\113.jpg,640,640
leather,train,leather\train\good\114.jpg,640,640
leather,train,leather\train\good\115.jpg,640,640
leather,train,leather\train\good\116.jpg,640,640
leather,train,leather\train\good\117.jpg,640,640
leather,train,leather\train\good\118.jpg,640,640
leather,train,leather\train\good\119.jpg,640,640
leather,train,leather\train\good\120.jpg,640,640
leather,train,leather\train\good\121.jpg,640,640
leather,train,leather\train\good\122.jpg,640,640
leather,train,leather\train\good\123.jpg,640,640
leather,train,leather\train\good\124.jpg,640,640
leather,train,leather\train\good\125.jpg,640,640
leather,train,leather\train\good\126.jpg,640,640
leather,train,leather\train\good\127.jpg,640,640
leather,train,leather\train\good\128.jpg,640,640
leather,train,leather\train\good\129.jpg,640,640
leather,train,leather\train\good\130.jpg,640,640
leather,train,leather\train\good\131.jpg,640,640
leather,train,leather\train\good\132.jpg,640,640
leather,train,leather\train\good\133.jpg,640,640
leather,train,leather\train\good\134.jpg,640,640
leather,train,leather\train\good\135.jpg,640,640
leather,train,leather\train\good\136.jpg,640,640
leather,train,leather\train\good\137.jpg,640,640
leather,train,leather\train\good\138.jpg,640,640
leather,train,leather\train\good\139.jpg,640,640
leather,train,leather\train\good\140.jpg,640,640
leather,train,leather\train\good\141.jpg,640,640
leather,train,leather\train\good\142.jpg,640,640
leather,train,leather\train\good\143.jpg,640,640
leather,train,leather\train\good\144.jpg,640,640
leather,train,leather\train\good\145.jpg,640,640
leather,train,leather\train\good\146.jpg,640,640
leather,train,leather\train\good\147.jpg,640,640
leather,train,leather\train\good\148.jpg,640,640
leather,train,leather\train\good\149.jpg,640,640
leather,train,leather\train\good\150.jpg,640,640
leather,train,leather\train\good\151.jpg,640,640
leather,train,leather\train\good\152.jpg,640,640
leather,train,leather\train\good\153.jpg,640,640
leather,train,leather\train\good\154.jpg,640,640
leather,train,leather\train\good\155.jpg,640,640
leather,train,leather\train\good\156.jpg,640,640
leather,train,leather\train\good\157.jpg,640,640
leather,train,leather\train\good\158.jpg,640,640
leather,train,leather\train\good\159.jpg,640,640
leather,train,leather\train\good\160.jpg,640,640
leather,train,leather\train\good\161.jpg,640,640
leather,train,leather\train\good\162.jpg,640,640
leather,train,leather\train\good\163.jpg,640,640
leather,train,leather\train\good\164.jpg,640,640
leather,train,leather\train\good\165.jpg,640,640
leather,train,leather\train\good\166.jpg,640,640
leather,train,leather\train\good\167.jpg,640,640
leather,train,leather\train\good\168.jpg,640,640
leather,train,leather\train\good\169.jpg,640,640
leather,train,leather\train\good\170.jpg,640,640
leather,train,leather\train\good\171.jpg,640,640
leather,train,leather\train\good\172.jpg,640,640
leather,train,leather\train\good\173.jpg,640,640
leather,train,leather\train\good\174.jpg,640,640
leather,train,leather\train\good\175.jpg,640,640
leather,train,leather\train\good\176.jpg,640,640
leather,train,leather\train\good\177.jpg,640,640
leather,train,leather\train\good\178.jpg,640,640
leather,train,leather\train\good\179.jpg,640,640
leather,train,leather\train\good\180.jpg,640,640
leather,train,leather\train\good\181.jpg,640,640
leather,train,leather\train\good\182.jpg,640,640
leather,train,leather\train\good\183.jpg,640,640
leather,train,leather\train\good\184.jpg,640,640
leather,train,leather\train\good\185.jpg,640,640
leather,train,leather\train\good\186.jpg,640,640
leather,train,leather\train\good\187.jpg,640,640
leather,train,leather\train\good\188.jpg,640,640
leather,train,leather\train\good\189.jpg,640,640
leather,train,leather\train\good\190.jpg,640,640
leather,train,leather\train\good\191.jpg,640,640
leather,train,leather\train\good\192.jpg,640,640
leather,train,leather\train\good\193.jpg,640,640
leather,train,leather\train\good\194.jpg,640,640
leather,train,leather\train\good\195.jpg,640,640
leather,train,leather\train\good\196.jpg,640,640
leather,train,leather\train\good\197.jpg,640,640
leather,train,leather\train\good\198.jpg,640,640
leather,train,leather\train\good\199.jpg,640,640
leather,train,leather\train\good\200.jpg,640,640
leather,train,leather\train\good\201.jpg,640,640
leather,train,leather\train\good\202.jpg,640,640
leather,train,leather\train\good\203.jpg,640,640
leather,train,leather\train\good\204.jpg,640,640
leather,train,leather\train\good\205.jpg,640,640
leather,train,leather\train\good\206.jpg,640,640
leather,train,leather\train\good\207.jpg,640,640
leather,train,leather\train\good\208.jpg,640,640
leather,train,leather\train\good\209.jpg,640,640
leather,train,leather\train\good\210.jpg,640,640
leather,train,leather\train\good\211.jpg,640,640
leather,train,leather\train\good\212.jpg,640,640
leather,train,leather\train\good\213.jpg,640,640
leather,train,leather\train\good\214.jpg,640,640
leather,train,leather\train\good\215.jpg,640,640
leather,train,leather\train\good\216.jpg,640,640
leather,train,leather\train\good\217.jpg,640,640
leather,train,leather\train\good\218.jpg,640,640
leather,train,leather\train\good\219.jpg,640,640
leather,train,leather\train\good\220.jpg,640,640
leather,train,leather\train\good\221.jpg,640,640
leather,train,leather\train\good\222.jpg,640,640
leather,train,leather\train\good\223.jpg,640,640
leather,train,leather\train\good\224.jpg,640,640
leather,train,leather\train\good\225.jpg,640,640
leather,train,leather\train\good\226.jpg,640,640
leather,train,leather\train\good\227.jpg,640,640
leather,train,leather\train\good\228.jpg,640,640
leather,train,leather\train\good\229.jpg,640,640
leather,train,leather\train\good\230.jpg,640,640
leather,train,leather\train\good\231.jpg,640,640
leather,train,leather\train\good\232.jpg,640,640
leather,train,leather\train\good\233.jpg,640,640
leather,train,leather\train\good\234.jpg,640,640
leather,train,leather\train\good\235.jpg,640,640
leather,train,leather\train\good\236.jpg,640,640
leather,train,leather\train\good\237.jpg,640,640
leather,train,leather\train\good\238.jpg,640,640
leather,train,leather\train\good\239.jpg,640,640
leather,train,leather\train\good\240.jpg,640,640
leather,train,leather\train\good\241.jpg,640,640
leather,train,leather\train\good\242.jpg,640,640
leather,train,leather\train\good\243.jpg,640,640
leather,train,leather\train\good\244.jpg,640,640
metal_nut,test,metal_nut\test\bent\000.jpg,640,640
metal_nut,test,metal_nut\test\bent\001.jpg,640,640
metal_nut,test,metal_nut\test\bent\002.jpg,640,640
metal_nut,test,metal_nut\test\bent\003.jpg,640,640
metal_nut,test,metal_nut\test\bent\004.jpg,640,640
metal_nut,test,metal_nut\test\bent\005.jpg,640,640
metal_nut,test,metal_nut\test\bent\006.jpg,640,640
metal_nut,test,metal_nut\test\bent\007.jpg,640,640
metal_nut,test,metal_nut\test\bent\008.jpg,640,640
metal_nut,test,metal_nut\test\bent\009.jpg,640,640
metal_nut,test,metal_nut\test\bent\010.jpg,640,640
metal_nut,test,metal_nut\test\bent\011.jpg,640,640
metal_nut,test,metal_nut\test\bent\012.jpg,640,640
metal_nut,test,metal_nut\test\bent\013.jpg,640,640
metal_nut,test,metal_nut\test\bent\014.jpg,640,640
metal_nut,test,metal_nut\test\bent\015.jpg,640,640
metal_nut,test,metal_nut\test\bent\016.jpg,640,640
metal_nut,test,metal_nut\test\bent\017.jpg,640,640
metal_nut,test,metal_nut\test\bent\018.jpg,640,640
metal_nut,test,metal_nut\test\bent\019.jpg,640,640
metal_nut,test,metal_nut\test\bent\020.jpg,640,640
metal_nut,test,metal_nut\test\bent\021.jpg,640,640
metal_nut,test,metal_nut\test\bent\022.jpg,640,640
metal_nut,test,metal_nut\test\bent\023.jpg,640,640
metal_nut,test,metal_nut\test\bent\024.jpg,640,640
metal_nut,test,metal_nut\test\color\000.jpg,640,640
metal_nut,test,metal_nut\test\color\001.jpg,640,640
metal_nut,test,metal_nut\test\color\002.jpg,640,640
metal_nut,test,metal_nut\test\color\003.jpg,640,640
metal_nut,test,metal_nut\test\color\004.jpg,640,640
metal_nut,test,metal_nut\test\color\005.jpg,640,640
metal_nut,test,metal_nut\test\color\006.jpg,640,640
metal_nut,test,metal_nut\test\color\007.jpg,640,640
metal_nut,test,metal_nut\test\color\008.jpg,640,640
metal_nut,test,metal_nut\test\color\009.jpg,640,640
metal_nut,test,metal_nut\test\color\010.jpg,640,640
metal_nut,test,metal_nut\test\color\011.jpg,640,640
metal_nut,test,metal_nut\test\color\012.jpg,640,640
metal_nut,test,metal_nut\test\color\013.jpg,640,640
metal_nut,test,metal_nut\test\color\014.jpg,640,640
metal_nut,test,metal_nut\test\color\015.jpg,640,640
metal_nut,test,metal_nut\test\color\016.jpg,640,640
metal_nut,test,metal_nut\test\color\017.jpg,640,640
metal_nut,test,metal_nut\test\color\018.jpg,640,640
metal_nut,test,metal_nut\test\color\019.jpg,640,640
metal_nut,test,metal_nut\test\color\020.jpg,640,640
metal_nut,test,metal_nut\test\color\021.jpg,640,640
metal_nut,test,metal_nut\test\flip\000.jpg,640,640
metal_nut,test,metal_nut\test\flip\001.jpg,640,640
metal_nut,test,metal_nut\test\flip\002.jpg,640,640
metal_nut,test,metal_nut\test\flip\003.jpg,640,640
metal_nut,test,metal_nut\test\flip\004.jpg,640,640
metal_nut,test,metal_nut\test\flip\005.jpg,640,640
metal_nut,test,metal_nut\test\flip\006.jpg,640,640
metal_nut,test,metal_nut\test\flip\007.jpg,640,640
metal_nut,test,metal_nut\test\flip\008.jpg,640,640
metal_nut,test,metal_nut\test\flip\009.jpg,640,640
metal_nut,test,metal_nut\test\flip\010.jpg,640,640
metal_nut,test,metal_nut\test\flip\011.jpg,640,640
metal_nut,test,metal_nut\test\flip\012.jpg,640,640
metal_nut,test,metal_nut\test\flip\013.jpg,640,640
metal_nut,test,metal_nut\test\flip\014.jpg,640,640
metal_nut,test,metal_nut\test\flip\015.jpg,640,640
metal_nut,test,metal_nut\test\flip\016.jpg,640,640
metal_nut,test,metal_nut\test\flip\017.jpg,640,640
metal_nut,test,metal_nut\test\flip\018.jpg,640,640
metal_nut,test,metal_nut\test\flip\019.jpg,640,640
metal_nut,test,metal_nut\test\flip\020.jpg,640,640
metal_nut,test,metal_nut\test\flip\021.jpg,640,640
metal_nut,test,metal_nut\test\flip\022.jpg,640,640
metal_nut,test,metal_nut\test\good\000.jpg,640,640
metal_nut,test,metal_nut\test\good\001.jpg,640,640
metal_nut,test,metal_nut\test\good\002.jpg,640,640
metal_nut,test,metal_nut\test\good\003.jpg,640,640
metal_nut,test,metal_nut\test\good\004.jpg,640,640
metal_nut,test,metal_nut\test\good\005.jpg,640,640
metal_nut,test,metal_nut\test\good\006.jpg,640,640
metal_nut,test,metal_nut\test\good\007.jpg,640,640
metal_nut,test,metal_nut\test\good\008.jpg,640,640
metal_nut,test,metal_nut\test\good\009.jpg,640,640
metal_nut,test,metal_nut\test\good\010.jpg,640,640
metal_nut,test,metal_nut\test\good\011.jpg,640,640
metal_nut,test,metal_nut\test\good\012.jpg,640,640
metal_nut,test,metal_nut\test\good\013.jpg,640,640
metal_nut,test,metal_nut\test\good\014.jpg,640,640
metal_nut,test,metal_nut\test\good\015.jpg,640,640
metal_nut,test,metal_nut\test\good\016.jpg,640,640
metal_nut,test,metal_nut\test\good\017.jpg,640,640
metal_nut,test,metal_nut\test\good\018.jpg,640,640
metal_nut,test,metal_nut\test\good\019.jpg,640,640
metal_nut,test,metal_nut\test\good\020.jpg,640,640
metal_nut,test,metal_nut\test\good\021.jpg,640,640
metal_nut,test,metal_nut\test\scratch\000.jpg,640,640
metal_nut,test,metal_nut\test\scratch\001.jpg,640,640
metal_nut,test,metal_nut\test\scratch\002.jpg,640,640
metal_nut,test,metal_nut\test\scratch\003.jpg,640,640
metal_nut,test,metal_nut\test\scratch\004.jpg,640,640
metal_nut,test,metal_nut\test\scratch\005.jpg,640,640
metal_nut,test,metal_nut\test\scratch\006.jpg,640,640
metal_nut,test,metal_nut\test\scratch\007.jpg,640,640
metal_nut,test,metal_nut\test\scratch\008.jpg,640,640
metal_nut,test,metal_nut\test\scratch\009.jpg,640,640
metal_nut,test,metal_nut\test\scratch\010.jpg,640,640
metal_nut,test,metal_nut\test\scratch\011.jpg,640,640
metal_nut,test,metal_nut\test\scratch\012.jpg,640,640
metal_nut,test,metal_nut\test\scratch\013.jpg,640,640
metal_nut,test,metal_nut\test\scratch\014.jpg,640,640
metal_nut,test,metal_nut\test\scratch\015.jpg,640,640
metal_nut,test,metal_nut\test\scratch\016.jpg,640,640
metal_nut,test,metal_nut\test\scratch\017.jpg,640,640
metal_nut,test,metal_nut\test\scratch\018.jpg,640,640
metal_nut,test,metal_nut\test\scratch\019.jpg,640,640
metal_nut,test,metal_nut\test\scratch\020.jpg,640,640
metal_nut,test,metal_nut\test\scratch\021.jpg,640,640
metal_nut,test,metal_nut\test\scratch\022.jpg,640,640
metal_nut,train,metal_nut\train\good\000.jpg,640,640
metal_nut,train,metal_nut\train\good\001.jpg,640,640
metal_nut,train,metal_nut\train\good\002.jpg,640,640
metal_nut,train,metal_nut\train\good\003.jpg,640,640
metal_nut,train,metal_nut\train\good\004.jpg,640,640
metal_nut,train,metal_nut\train\good\005.jpg,640,640
metal_nut,train,metal_nut\train\good\006.jpg,640,640
metal_nut,train,metal_nut\train\good\007.jpg,640,640
metal_nut,train,metal_nut\train\good\008.jpg,640,640
metal_nut,train,metal_nut\train\good\009.jpg,640,640
metal_nut,train,metal_nut\train\good\010.jpg,640,640
metal_nut,train,metal_nut\train\good\011.jpg,640,640
metal_nut,train,metal_nut\train\good\012.jpg,640,640
metal_nut,train,metal_nut\train\good\013.jpg,640,640
metal_nut,train,metal_nut\train\good\014.jpg,640,640
metal_nut,train,metal_nut\train\good\015.jpg,640,640
metal_nut,train,metal_nut\train\good\016.jpg,640,640
metal_nut,train,metal_nut\train\good\017.jpg,640,640
metal_nut,train,metal_nut\train\good\018.jpg,640,640
metal_nut,train,metal_nut\train\good\019.jpg,640,640
metal_nut,train,metal_nut\train\good\020.jpg,640,640
metal_nut,train,metal_nut\train\good\021.jpg,640,640
metal_nut,train,metal_nut\train\good\022.jpg,640,640
metal_nut,train,metal_nut\train\good\023.jpg,640,640
metal_nut,train,metal_nut\train\good\024.jpg,640,640
metal_nut,train,metal_nut\train\good\025.jpg,640,640
metal_nut,train,metal_nut\train\good\026.jpg,640,640
metal_nut,train,metal_nut\train\good\027.jpg,640,640
metal_nut,train,metal_nut\train\good\028.jpg,640,640
metal_nut,train,metal_nut\train\good\029.jpg,640,640
metal_nut,train,metal_nut\train\good\030.jpg,640,640
metal_nut,train,metal_nut\train\good\031.jpg,640,640
metal_nut,train,metal_nut\train\good\032.jpg,640,640
metal_nut,train,metal_nut\train\good\033.jpg,640,640
metal_nut,train,metal_nut\train\good\034.jpg,640,640
metal_nut,train,metal_nut\train\good\035.jpg,640,640
metal_nut,train,metal_nut\train\good\036.jpg,640,640
metal_nut,train,metal_nut\train\good\037.jpg,640,640
metal_nut,train,metal_nut\train\good\038.jpg,640,640
metal_nut,train,metal_nut\train\good\039.jpg,640,640
metal_nut,train,metal_nut\train\good\040.jpg,640,640
metal_nut,train,metal_nut\train\good\041.jpg,640,640
metal_nut,train,metal_nut\train\good\042.jpg,640,640
metal_nut,train,metal_nut\train\good\043.jpg,640,640
metal_nut,train,metal_nut\train\good\044.jpg,640,640
metal_nut,train,metal_nut\train\good\045.jpg,640,640
metal_nut,train,metal_nut\train\good\046.jpg,640,640
metal_nut,train,metal_nut\train\good\047.jpg,640,640
metal_nut,train,metal_nut\train\good\048.jpg,640,640
metal_nut,train,metal_nut\train\good\049.jpg,640,640
metal_nut,train,metal_nut\train\good\050.jpg,640,640
metal_nut,train,metal_nut\train\good\051.jpg,640,640
metal_nut,train,metal_nut\train\good\052.jpg,640,640
metal_nut,train,metal_nut\train\good\053.jpg,640,640
metal_nut,train,metal_nut\train\good\054.jpg,640,640
metal_nut,train,metal_nut\train\good\055.jpg,640,640
metal_nut,train,metal_nut\train\good\056.jpg,640,640
metal_nut,train,metal_nut\train\good\057.jpg,640,640
metal_nut,train,metal_nut\train\good\058.jpg,640,640
metal_nut,train,metal_nut\train\good\059.jpg,640,640
metal_nut,train,metal_nut\train\good\060.jpg,640,640
metal_nut,train,metal_nut\train\good\061.jpg,640,640
metal_nut,train,metal_nut\train\good\062.jpg,640,640
metal_nut,train,metal_nut\train\good\063.jpg,640,640
metal_nut,train,metal_nut\train\good\064.jpg,640,640
metal_nut,train,metal_nut\train\good\065.jpg,640,640
metal_nut,train,metal_nut\train\good\066.jpg,640,640
metal_nut,train,metal_nut\train\good\067.jpg,640,640
metal_nut,train,metal_nut\train\good\068.jpg,640,640
metal_nut,train,metal_nut\train\good\069.jpg,640,640
metal_nut,train,metal_nut\train\good\070.jpg,640,640
metal_nut,train,metal_nut\train\good\071.jpg,640,640
metal_nut,train,metal_nut\train\good\072.jpg,640,640
metal_nut,train,metal_nut\train\good\073.jpg,640,640
metal_nut,train,metal_nut\train\good\074.jpg,640,640
metal_nut,train,metal_nut\train\good\075.jpg,640,640
metal_nut,train,metal_nut\train\good\076.jpg,640,640
metal_nut,train,metal_nut\train\good\077.jpg,640,640
metal_nut,train,metal_nut\train\good\078.jpg,640,640
metal_nut,train,metal_nut\train\good\079.jpg,640,640
metal_nut,train,metal_nut\train\good\080.jpg,640,640
metal_nut,train,metal_nut\train\good\081.jpg,640,640
metal_nut,train,metal_nut\train\good\082.jpg,640,640
metal_nut,train,metal_nut\train\good\083.jpg,640,640
metal_nut,train,metal_nut\train\good\084.jpg,640,640
metal_nut,train,metal_nut\train\good\085.jpg,640,640
metal_nut,train,metal_nut\train\good\086.jpg,640,640
metal_nut,train,metal_nut\train\good\087.jpg,640,640
metal_nut,train,metal_nut\train\good\088.jpg,640,640
metal_nut,train,metal_nut\train\good\089.jpg,640,640
metal_nut,train,metal_nut\train\good\090.jpg,640,640
metal_nut,train,metal_nut\train\good\091.jpg,640,640
metal_nut,train,metal_nut\train\good\092.jpg,640,640
metal_nut,train,metal_nut\train\good\093.jpg,640,640
metal_nut,train,metal_nut\train\good\094.jpg,640,640
metal_nut,train,metal_nut\train\good\095.jpg,640,640
metal_nut,train,metal_nut\train\good\096.jpg,640,640
metal_nut,train,metal_nut\train\good\097.jpg,640,640
metal_nut,train,metal_nut\train\good\098.jpg,640,640
metal_nut,train,metal_nut\train\good\099.jpg,640,640
metal_nut,train,metal_nut\train\good\100.jpg,640,640
metal_nut,train,metal_nut\train\good\101.jpg,640,640
metal_nut,train,metal_nut\train\good\102.jpg,640,640
metal_nut,train,metal_nut\train\good\103.jpg,640,640
metal_nut,train,metal_nut\train\good\104.jpg,640,640
metal_nut,train,metal_nut\train\good\105.jpg,640,640
metal_nut,train,metal_nut\train\good\106.jpg,640,640
metal_nut,train,metal_nut\train\good\107.jpg,640,640
metal_nut,train,metal_nut\train\good\108.jpg,640,640
metal_nut,train,metal_nut\train\good\109.jpg,640,640
metal_nut,train,metal_nut\train\good\110.jpg,640,640
metal_nut,train,metal_nut\train\good\111.jpg,640,640
metal_nut,train,metal_nut\train\good\112.jpg,640,640
metal_nut,train,metal_nut\train\good\113.jpg,640,640
metal_nut,train,metal_nut\train\good\114.jpg,640,640
metal_nut,train,metal_nut\train\good\115.jpg,640,640
metal_nut,train,metal_nut\train\good\116.jpg,640,640
metal_nut,train,metal_nut\train\good\117.jpg,640,640
metal_nut,train,metal_nut\train\good\118.jpg,640,640
metal_nut,train,metal_nut\train\good\119.jpg,640,640
metal_nut,train,metal_nut\train\good\120.jpg,640,640
metal_nut,train,metal_nut\train\good\121.jpg,640,640
metal_nut,train,metal_nut\train\good\122.jpg,640,640
metal_nut,train,metal_nut\train\good\123.jpg,640,640
metal_nut,train,metal_nut\train\good\124.jpg,640,640
metal_nut,train,metal_nut\train\good\125.jpg,640,640
metal_nut,train,metal_nut\train\good\126.jpg,640,640
metal_nut,train,metal_nut\train\good\127.jpg,640,640
metal_nut,train,metal_nut\train\good\128.jpg,640,640
metal_nut,train,metal_nut\train\good\129.jpg,640,640
metal_nut,train,metal_nut\train\good\130.jpg,640,640
metal_nut,train,metal_nut\train\good\131.jpg,640,640
metal_nut,train,metal_nut\train\good\132.jpg,640,640
metal_nut,train,metal_nut\train\good\133.jpg,640,640
metal_nut,train,metal_nut\train\good\134.jpg,640,640
metal_nut,train,metal_nut\train\good\135.jpg,640,640
metal_nut,train,metal_nut\train\good\136.jpg,640,640
metal_nut,train,metal_nut\train\good\137.jpg,640,640
metal_nut,train,metal_nut\train\good\138.jpg,640,640
metal_nut,train,metal_nut\train\good\139.jpg,640,640
metal_nut,train,metal_nut\train\good\140.jpg,640,640
metal_nut,train,metal_nut\train\good\141.jpg,640,640
metal_nut,train,metal_nut\train\good\142.jpg,640,640
metal_nut,train,metal_nut\train\good\143.jpg,640,640
metal_nut,train,metal_nut\train\good\144.jpg,640,640
metal_nut,train,metal_nut\train\good\145.jpg,640,640
metal_nut,train,metal_nut\train\good\146.jpg,640,640
metal_nut,train,metal_nut\train\good\147.jpg,640,640
metal_nut,train,metal_nut\train\good\148.jpg,640,640
metal_nut,train,metal_nut\train\good\149.jpg,640,640
metal_nut,train,metal_nut\train\good\150.jpg,640,640
metal_nut,train,metal_nut\train\good\151.jpg,640,640
metal_nut,train,metal_nut\train\good\152.jpg,640,640
metal_nut,train,metal_nut\train\good\153.jpg,640,640
metal_nut,train,metal_nut\train\good\154.jpg,640,640
metal_nut,train,metal_nut\train\good\155.jpg,640,640
metal_nut,train,metal_nut\train\good\156.jpg,640,640
metal_nut,train,metal_nut\train\good\157.jpg,640,640
metal_nut,train,metal_nut\train\good\158.jpg,640,640
metal_nut,train,metal_nut\train\good\159.jpg,640,640
metal_nut,train,metal_nut\train\good\160.jpg,640,640
metal_nut,train,metal_nut\train\good\161.jpg,640,640
metal_nut,train,metal_nut\train\good\162.jpg,640,640
metal_nut,train,metal_nut\train\good\163.jpg,640,640
metal_nut,train,metal_nut\train\good\164.jpg,640,640
metal_nut,train,metal_nut\train\good\165.jpg,640,640
metal_nut,train,metal_nut\train\good\166.jpg,640,640
metal_nut,train,metal_nut\train\good\167.jpg,640,640
metal_nut,train,metal_nut\train\good\168.jpg,640,640
metal_nut,train,metal_nut\train\good\169.jpg,640,640
metal_nut,train,metal_nut\train\good\170.jpg,640,640
metal_nut,train,metal_nut\train\good\171.jpg,640,640
metal_nut,train,metal_nut\train\good\172.jpg,640,640
metal_nut,train,metal_nut\train\good\173.jpg,640,640
metal_nut,train,metal_nut\train\good\174.jpg,640,640
metal_nut,train,metal_nut\train\good\175.jpg,640,640
metal_nut,train,metal_nut\train\good\176.jpg,640,640
metal_nut,train,metal_nut\train\good\177.jpg,640,640
metal_nut,train,metal_nut\train\good\178.jpg,640,640
metal_nut,train,metal_nut\train\good\179.jpg,640,640
metal_nut,train,metal_nut\train\good\180.jpg,640,640
metal_nut,train,metal_nut\train\good\181.jpg,640,640
metal_nut,train,metal_nut\train\good\182.jpg,640,640
metal_nut,train,metal_nut\train\good\183.jpg,640,640
metal_nut,train,metal_nut\train\good\184.jpg,640,640
metal_nut,train,metal_nut\train\good\185.jpg,640,640
metal_nut,train,metal_nut\train\good\186.jpg,640,640
metal_nut,train,metal_nut\train\good\187.jpg,640,640
metal_nut,train,metal_nut\train\good\188.jpg,640,640
metal_nut,train,metal_nut\train\good\189.jpg,640,640
metal_nut,train,metal_nut\train\good\190.jpg,640,640
metal_nut,train,metal_nut\train\good\191.jpg,640,640
metal_nut,train,metal_nut\train\good\192.jpg,640,640
metal_nut,train,metal_nut\train\good\193.jpg,640,640
metal_nut,train,metal_nut\train\good\194.jpg,640,640
metal_nut,train,metal_nut\train\good\195.jpg,640,640
metal_nut,train,metal_nut\train\good\196.jpg,640,640
metal_nut,train,metal_nut\train\good\197.jpg,640,640
metal_nut,train,metal_nut\train\good\198.jpg,640,640
metal_nut,train,metal_nut\train\good\199.jpg,640,640
metal_nut,train,metal_nut\train\good\200.jpg,640,640
metal_nut,train,metal_nut\train\good\201.jpg,640,640
metal_nut,train,metal_nut\train\good\202.jpg,640,640
metal_nut,train,metal_nut\train\good\203.jpg,640,640
metal_nut,train,metal_nut\train\good\204.jpg,640,640
metal_nut,train,metal_nut\train\good\205.jpg,640,640
metal_nut,train,metal_nut\train\good\206.jpg,640,640
metal_nut,train,metal_nut\train\good\207.jpg,640,640
metal_nut,train,metal_nut\train\good\208.jpg,640,640
metal_nut,train,metal_nut\train\good\209.jpg,640,640
metal_nut,train,metal_nut\train\good\210.jpg,640,640
metal_nut,train,metal_nut\train\good\211.jpg,640,640
metal_nut,train,metal_nut\train\good\212.jpg,640,640
metal_nut,train,metal_nut\train\good\213.jpg,640,640
metal_nut,train,metal_nut\train\good\214.jpg,640,640
metal_nut,train,metal_nut\train\good\215.jpg,640,640
metal_nut,train,metal_nut\train\good\216.jpg,640,640
metal_nut,train,metal_nut\train\good\217.jpg,640,640
metal_nut,train,metal_nut\train\good\218.jpg,640,640
metal_nut,train,metal_nut\train\good\219.jpg,640,640
pill,test,pill\test\color\000.jpg,640,640
pill,test,pill\test\color\001.jpg,640,640
pill,test,pill\test\color\002.jpg,640,640
pill,test,pill\test\color\003.jpg,640,640
pill,test,pill\test\color\004.jpg,640,640
pill,test,pill\test\color\005.jpg,640,640
pill,test,pill\test\color\006.jpg,640,640
pill,test,pill\test\color\007.jpg,640,640
pill,test,pill\test\color\008.jpg,640,640
pill,test,pill\test\color\009.jpg,640,640
pill,test,pill\test\color\010.jpg,640,640
pill,test,pill\test\color\011.jpg,640,640
pill,test,pill\test\color\012.jpg,640,640
pill,test,pill\test\color\013.jpg,640,640
pill,test,pill\test\color\014.jpg,640,640
pill,test,pill\test\color\015.jpg,640,640
pill,test,pill\test\color\016.jpg,640,640
pill,test,pill\test\color\017.jpg,640,640
pill,test,pill\test\color\018.jpg,640,640
pill,test,pill\test\color\019.jpg,640,640
pill,test,pill\test\color\020.jpg,640,640
pill,test,pill\test\color\021.jpg,640,640
pill,test,pill\test\color\022.jpg,640,640
pill,test,pill\test\color\023.jpg,640,640
pill,test,pill\test\color\024.jpg,640,640
pill,test,pill\test\combined\000.jpg,640,640
pill,test,pill\test\combined\001.jpg,640,640
pill,test,pill\test\combined\002.jpg,640,640
pill,test,pill\test\combined\003.jpg,640,640
pill,test,pill\test\combined\004.jpg,640,640
pill,test,pill\test\combined\005.jpg,640,640
pill,test,pill\test\combined\006.jpg,640,640
pill,test,pill\test\combined\007.jpg,640,640
pill,test,pill\test\combined\008.jpg,640,640
pill,test,pill\test\combined\009.jpg,640,640
pill,test,pill\test\combined\010.jpg,640,640
pill,test,pill\test\combined\011.jpg,640,640
pill,test,pill\test\combined\012.jpg,640,640
pill,test,pill\test\combined\013.jpg,640,640
pill,test,pill\test\combined\014.jpg,640,640
pill,test,pill\test\combined\015.jpg,640,640
pill,test,pill\test\combined\016.jpg,640,640
pill,test,pill\test\contamination\000.jpg,640,640
pill,test,pill\test\contamination\001.jpg,640,640
pill,test,pill\test\contamination\002.jpg,640,640
pill,test,pill\test\contamination\003.jpg,640,640
pill,test,pill\test\contamination\004.jpg,640,640
pill,test,pill\test\contamination\005.jpg,640,640
pill,test,pill\test\contamination\006.jpg,640,640
pill,test,pill\test\contamination\007.jpg,640,640
pill,test,pill\test\contamination\008.jpg,640,640
pill,test,pill\test\contamination\009.jpg,640,640
pill,test,pill\test\contamination\010.jpg,640,640
pill,test,pill\test\contamination\011.jpg,640,640
pill,test,pill\test\contamination\012.jpg,640,640
pill,test,pill\test\contamination\013.jpg,640,640
pill,test,pill\test\contamination\014.jpg,640,640
pill,test,pill\test\contamination\015.jpg,640,640
pill,test,pill\test\contamination\016.jpg,640,640
pill,test,pill\test\contamination\017.jpg,640,640
pill,test,pill\test\contamination\018.jpg,640,640
pill,test,pill\test\contamination\019.jpg,640,640
pill,test,pill\test\contamination\020.jpg,640,640
pill,test,pill\test\crack\000.jpg,640,640
pill,test,pill\test\crack\001.jpg,640,640
pill,test,pill\test\crack\002.jpg,640,640
pill,test,pill\test\crack\003.jpg,640,640
pill,test,pill\test\crack\004.jpg,640,640
pill,test,pill\test\crack\005.jpg,640,640
pill,test,pill\test\crack\006.jpg,640,640
pill,test,pill\test\crack\007.jpg,640,640
pill,test,pill\test\crack\008.jpg,640,640
pill,test,pill\test\crack\009.jpg,640,640
pill,test,pill\test\crack\010.jpg,640,640
pill,test,pill\test\crack\011.jpg,640,640
pill,test,pill\test\crack\012.jpg,640,640
pill,test,pill\test\crack\013.jpg,640,640
pill,test,pill\test\crack\014.jpg,640,640
pill,test,pill\test\crack\015.jpg,640,640
pill,test,pill\test\crack\016.jpg,640,640
pill,test,pill\test\crack\017.jpg,640,640
pill,test,pill\test\crack\018.jpg,640,640
pill,test,pill\test\crack\019.jpg,640,640
pill,test,pill\test\crack\020.jpg,640,640
pill,test,pill\test\crack\021.jpg,640,640
pill,test,pill\test\crack\022.jpg,640,640
pill,test,pill\test\crack\023.jpg,640,640
pill,test,pill\test\crack\024.jpg,640,640
pill,test,pill\test\crack\025.jpg,640,640
pill,test,pill\test\faulty_imprint\000.jpg,640,640
pill,test,pill\test\faulty_imprint\001.jpg,640,640
pill,test,pill\test\faulty_imprint\002.jpg,640,640
pill,test,pill\test\faulty_imprint\003.jpg,640,640
pill,test,pill\test\faulty_imprint\004.jpg,640,640
pill,test,pill\test\faulty_imprint\005.jpg,640,640
pill,test,pill\test\faulty_imprint\006.jpg,640,640
pill,test,pill\test\faulty_imprint\007.jpg,640,640
pill,test,pill\test\faulty_imprint\008.jpg,640,640
pill,test,pill\test\faulty_imprint\009.jpg,640,640
pill,test,pill\test\faulty_imprint\010.jpg,640,640
pill,test,pill\test\faulty_imprint\011.jpg,640,640
pill,test,pill\test\faulty_imprint\012.jpg,640,640
pill,test,pill\test\faulty_imprint\013.jpg,640,640
pill,test,pill\test\faulty_imprint\014.jpg,640,640
pill,test,pill\test\faulty_imprint\015.jpg,640,640
pill,test,pill\test\faulty_imprint\016.jpg,640,640
pill,test,pill\test\faulty_imprint\017.jpg,640,640
pill,test,pill\test\faulty_imprint\018.jpg,640,640
pill,test,pill\test\good\000.jpg,640,640
pill,test,pill\test\good\001.jpg,640,640
pill,test,pill\test\good\002.jpg,640,640
pill,test,pill\test\good\003.jpg,640,640
pill,test,pill\test\good\004.jpg,640,640
pill,test,pill\test\good\005.jpg,640,640
pill,test,pill\test\good\006.jpg,640,640
pill,test,pill\test\good\007.jpg,640,640
pill,test,pill\test\good\008.jpg,640,640
pill,test,pill\test\good\009.jpg,640,640
pill,test,pill\test\good\010.jpg,640,640
pill,test,pill\test\good\011.jpg,640,640
pill,test,pill\test\good\012.jpg,640,640
pill,test,pill\test\good\013.jpg,640,640
pill,test,pill\test\good\014.jpg,640,640
pill,test,pill\test\good\015.jpg,640,640
pill,test,pill\test\good\016.jpg,640,640
pill,test,pill\test\good\017.jpg,640,640
pill,test,pill\test\good\018.jpg,640,640
pill,test,pill\test\good\019.jpg,640,640
pill,test,pill\test\good\020.jpg,640,640
pill,test,pill\test\good\021.jpg,640,640
pill,test,pill\test\good\022.jpg,640,640
pill,test,pill\test\good\023.jpg,640,640
pill,test,pill\test\good\024.jpg,640,640
pill,test,pill\test\good\025.jpg,640,640
pill,test,pill\test\pill_type\000.jpg,640,640
pill,test,pill\test\pill_type\001.jpg,640,640
pill,test,pill\test\pill_type\002.jpg,640,640
pill,test,pill\test\pill_type\003.jpg,640,640
pill,test,pill\test\pill_type\004.jpg,640,640
pill,test,pill\test\pill_type\005.jpg,640,640
pill,test,pill\test\pill_type\006.jpg,640,640
pill,test,pill\test\pill_type\007.jpg,640,640
pill,test,pill\test\pill_type\008.jpg,640,640
pill,test,pill\test\scratch\000.jpg,640,640
pill,test,pill\test\scratch\001.jpg,640,640
pill,test,pill\test\scratch\002.jpg,640,640
pill,test,pill\test\scratch\003.jpg,640,640
pill,test,pill\test\scratch\004.jpg,640,640
pill,test,pill\test\scratch\005.jpg,640,640
pill,test,pill\test\scratch\006.jpg,640,640
pill,test,pill\test\scratch\007.jpg,640,640
pill,test,pill\test\scratch\008.jpg,640,640
pill,test,pill\test\scratch\009.jpg,640,640
pill,test,pill\test\scratch\010.jpg,640,640
pill,test,pill\test\scratch\011.jpg,640,640
pill,test,pill\test\scratch\012.jpg,640,640
pill,test,pill\test\scratch\013.jpg,640,640
pill,test,pill\test\scratch\014.jpg,640,640
pill,test,pill\test\scratch\015.jpg,640,640
pill,test,pill\test\scratch\016.jpg,640,640
pill,test,pill\test\scratch\017.jpg,640,640
pill,test,pill\test\scratch\018.jpg,640,640
pill,test,pill\test\scratch\019.jpg,640,640
pill,test,pill\test\scratch\020.jpg,640,640
pill,test,pill\test\scratch\021.jpg,640,640
pill,test,pill\test\scratch\022.jpg,640,640
pill,test,pill\test\scratch\023.jpg,640,640
pill,train,pill\train\good\000.jpg,640,640
pill,train,pill\train\good\001.jpg,640,640
pill,train,pill\train\good\002.jpg,640,640
pill,train,pill\train\good\003.jpg,640,640
pill,train,pill\train\good\004.jpg,640,640
pill,train,pill\train\good\005.jpg,640,640
pill,train,pill\train\good\006.jpg,640,640
pill,train,pill\train\good\007.jpg,640,640
pill,train,pill\train\good\008.jpg,640,640
pill,train,pill\train\good\009.jpg,640,640
pill,train,pill\train\good\010.jpg,640,640
pill,train,pill\train\good\011.jpg,640,640
pill,train,pill\train\good\012.jpg,640,640
pill,train,pill\train\good\013.jpg,640,640
pill,train,pill\train\good\014.jpg,640,640
pill,train,pill\train\good\015.jpg,640,640
pill,train,pill\train\good\016.jpg,640,640
pill,train,pill\train\good\017.jpg,640,640
pill,train,pill\train\good\018.jpg,640,640
pill,train,pill\train\good\019.jpg,640,640
pill,train,pill\train\good\020.jpg,640,640
pill,train,pill\train\good\021.jpg,640,640
pill,train,pill\train\good\022.jpg,640,640
pill,train,pill\train\good\023.jpg,640,640
pill,train,pill\train\good\024.jpg,640,640
pill,train,pill\train\good\025.jpg,640,640
pill,train,pill\train\good\026.jpg,640,640
pill,train,pill\train\good\027.jpg,640,640
pill,train,pill\train\good\028.jpg,640,640
pill,train,pill\train\good\029.jpg,640,640
pill,train,pill\train\good\030.jpg,640,640
pill,train,pill\train\good\031.jpg,640,640
pill,train,pill\train\good\032.jpg,640,640
pill,train,pill\train\good\033.jpg,640,640
pill,train,pill\train\good\034.jpg,640,640
pill,train,pill\train\good\035.jpg,640,640
pill,train,pill\train\good\036.jpg,640,640
pill,train,pill\train\good\037.jpg,640,640
pill,train,pill\train\good\038.jpg,640,640
pill,train,pill\train\good\039.jpg,640,640
pill,train,pill\train\good\040.jpg,640,640
pill,train,pill\train\good\041.jpg,640,640
pill,train,pill\train\good\042.jpg,640,640
pill,train,pill\train\good\043.jpg,640,640
pill,train,pill\train\good\044.jpg,640,640
pill,train,pill\train\good\045.jpg,640,640
pill,train,pill\train\good\046.jpg,640,640
pill,train,pill\train\good\047.jpg,640,640
pill,train,pill\train\good\048.jpg,640,640
pill,train,pill\train\good\049.jpg,640,640
pill,train,pill\train\good\050.jpg,640,640
pill,train,pill\train\good\051.jpg,640,640
pill,train,pill\train\good\052.jpg,640,640
pill,train,pill\train\good\053.jpg,640,640
pill,train,pill\train\good\054.jpg,640,640
pill,train,pill\train\good\055.jpg,640,640
pill,train,pill\train\good\056.jpg,640,640
pill,train,pill\train\good\057.jpg,640,640
pill,train,pill\train\good\058.jpg,640,640
pill,train,pill\train\good\059.jpg,640,640
pill,train,pill\train\good\060.jpg,640,640
pill,train,pill\train\good\061.jpg,640,640
pill,train,pill\train\good\062.jpg,640,640
pill,train,pill\train\good\063.jpg,640,640
pill,train,pill\train\good\064.jpg,640,640
pill,train,pill\train\good\065.jpg,640,640
pill,train,pill\train\good\066.jpg,640,640
pill,train,pill\train\good\067.jpg,640,640
pill,train,pill\train\good\068.jpg,640,640
pill,train,pill\train\good\069.jpg,640,640
pill,train,pill\train\good\070.jpg,640,640
pill,train,pill\train\good\071.jpg,640,640
pill,train,pill\train\good\072.jpg,640,640
pill,train,pill\train\good\073.jpg,640,640
pill,train,pill\train\good\074.jpg,640,640
pill,train,pill\train\good\075.jpg,640,640
pill,train,pill\train\good\076.jpg,640,640
pill,train,pill\train\good\077.jpg,640,640
pill,train,pill\train\good\078.jpg,640,640
pill,train,pill\train\good\079.jpg,640,640
pill,train,pill\train\good\080.jpg,640,640
pill,train,pill\train\good\081.jpg,640,640
pill,train,pill\train\good\082.jpg,640,640
pill,train,pill\train\good\083.jpg,640,640
pill,train,pill\train\good\084.jpg,640,640
pill,train,pill\train\good\085.jpg,640,640
pill,train,pill\train\good\086.jpg,640,640
pill,train,pill\train\good\087.jpg,640,640
pill,train,pill\train\good\088.jpg,640,640
pill,train,pill\train\good\089.jpg,640,640
pill,train,pill\train\good\090.jpg,640,640
pill,train,pill\train\good\091.jpg,640,640
pill,train,pill\train\good\092.jpg,640,640
pill,train,pill\train\good\093.jpg,640,640
pill,train,pill\train\good\094.jpg,640,640
pill,train,pill\train\good\095.jpg,640,640
pill,train,pill\train\good\096.jpg,640,640
pill,train,pill\train\good\097.jpg,640,640
pill,train,pill\train\good\098.jpg,640,640
pill,train,pill\train\good\099.jpg,640,640
pill,train,pill\train\good\100.jpg,640,640
pill,train,pill\train\good\101.jpg,640,640
pill,train,pill\train\good\102.jpg,640,640
pill,train,pill\train\good\103.jpg,640,640
pill,train,pill\train\good\104.jpg,640,640
pill,train,pill\train\good\105.jpg,640,640
pill,train,pill\train\good\106.jpg,640,640
pill,train,pill\train\good\107.jpg,640,640
pill,train,pill\train\good\108.jpg,640,640
pill,train,pill\train\good\109.jpg,640,640
pill,train,pill\train\good\110.jpg,640,640
pill,train,pill\train\good\111.jpg,640,640
pill,train,pill\train\good\112.jpg,640,640
pill,train,pill\train\good\113.jpg,640,640
pill,train,pill\train\good\114.jpg,640,640
pill,train,pill\train\good\115.jpg,640,640
pill,train,pill\train\good\116.jpg,640,640
pill,train,pill\train\good\117.jpg,640,640
pill,train,pill\train\good\118.jpg,640,640
pill,train,pill\train\good\119.jpg,640,640
pill,train,pill\train\good\120.jpg,640,640
pill,train,pill\train\good\121.jpg,640,640
pill,train,pill\train\good\122.jpg,640,640
pill,train,pill\train\good\123.jpg,640,640
pill,train,pill\train\good\124.jpg,640,640
pill,train,pill\train\good\125.jpg,640,640
pill,train,pill\train\good\126.jpg,640,640
pill,train,pill\train\good\127.jpg,640,640
pill,train,pill\train\good\128.jpg,640,640
pill,train,pill\train\good\129.jpg,640,640
pill,train,pill\train\good\130.jpg,640,640
pill,train,pill\train\good\131.jpg,640,640
pill,train,pill\train\good\132.jpg,640,640
pill,train,pill\train\good\133.jpg,640,640
pill,train,pill\train\good\134.jpg,640,640
pill,train,pill\train\good\135.jpg,640,640
pill,train,pill\train\good\136.jpg,640,640
pill,train,pill\train\good\137.jpg,640,640
pill,train,pill\train\good\138.jpg,640,640
pill,train,pill\train\good\139.jpg,640,640
pill,train,pill\train\good\140.jpg,640,640
pill,train,pill\train\good\141.jpg,640,640
pill,train,pill\train\good\142.jpg,640,640
pill,train,pill\train\good\143.jpg,640,640
pill,train,pill\train\good\144.jpg,640,640
pill,train,pill\train\good\145.jpg,640,640
pill,train,pill\train\good\146.jpg,640,640
pill,train,pill\train\good\147.jpg,640,640
pill,train,pill\train\good\148.jpg,640,640
pill,train,pill\train\good\149.jpg,640,640
pill,train,pill\train\good\150.jpg,640,640
pill,train,pill\train\good\151.jpg,640,640
pill,train,pill\train\good\152.jpg,640,640
pill,train,pill\train\good\153.jpg,640,640
pill,train,pill\train\good\154.jpg,640,640
pill,train,pill\train\good\155.jpg,640,640
pill,train,pill\train\good\156.jpg,640,640
pill,train,pill\train\good\157.jpg,640,640
pill,train,pill\train\good\158.jpg,640,640
pill,train,pill\train\good\159.jpg,640,640
pill,train,pill\train\good\160.jpg,640,640
pill,train,pill\train\good\161.jpg,640,640
pill,train,pill\train\good\162.jpg,640,640
pill,train,pill\train\good\163.jpg,640,640
pill,train,pill\train\good\164.jpg,640,640
pill,train,pill\train\good\165.jpg,640,640
pill,train,pill\train\good\166.jpg,640,640
pill,train,pill\train\good\167.jpg,640,640
pill,train,pill\train\good\168.jpg,640,640
pill,train,pill\train\good\169.jpg,640,640
pill,train,pill\train\good\170.jpg,640,640
pill,train,pill\train\good\171.jpg,640,640
pill,train,pill\train\good\172.jpg,640,640
pill,train,pill\train\good\173.jpg,640,640
pill,train,pill\train\good\174.jpg,640,640
pill,train,pill\train\good\175.jpg,640,640
pill,train,pill\train\good\176.jpg,640,640
pill,train,pill\train\good\177.jpg,640,640
pill,train,pill\train\good\178.jpg,640,640
pill,train,pill\train\good\179.jpg,640,640
pill,train,pill\train\good\180.jpg,640,640
pill,train,pill\train\good\181.jpg,640,640
pill,train,pill\train\good\182.jpg,640,640
pill,train,pill\train\good\183.jpg,640,640
pill,train,pill\train\good\184.jpg,640,640
pill,train,pill\train\good\185.jpg,640,640
pill,train,pill\train\good\186.jpg,640,640
pill,train,pill\train\good\187.jpg,640,640
pill,train,pill\train\good\188.jpg,640,640
pill,train,pill\train\good\189.jpg,640,640
pill,train,pill\train\good\190.jpg,640,640
pill,train,pill\train\good\191.jpg,640,640
pill,train,pill\train\good\192.jpg,640,640
pill,train,pill\train\good\193.jpg,640,640
pill,train,pill\train\good\194.jpg,640,640
pill,train,pill\train\good\195.jpg,640,640
pill,train,pill\train\good\196.jpg,640,640
pill,train,pill\train\good\197.jpg,640,640
pill,train,pill\train\good\198.jpg,640,640
pill,train,pill\train\good\199.jpg,640,640
pill,train,pill\train\good\200.jpg,640,640
pill,train,pill\train\good\201.jpg,640,640
pill,train,pill\train\good\202.jpg,640,640
pill,train,pill\train\good\203.jpg,640,640
pill,train,pill\train\good\204.jpg,640,640
pill,train,pill\train\good\205.jpg,640,640
pill,train,pill\train\good\206.jpg,640,640
pill,train,pill\train\good\207.jpg,640,640
pill,train,pill\train\good\208.jpg,640,640
pill,train,pill\train\good\209.jpg,640,640
pill,train,pill\train\good\210.jpg,640,640
pill,train,pill\train\good\211.jpg,640,640
pill,train,pill\train\good\212.jpg,640,640
pill,train,pill\train\good\213.jpg,640,640
pill,train,pill\train\good\214.jpg,640,640
pill,train,pill\train\good\215.jpg,640,640
pill,train,pill\train\good\216.jpg,640,640
pill,train,pill\train\good\217.jpg,640,640
pill,train,pill\train\good\218.jpg,640,640
pill,train,pill\train\good\219.jpg,640,640
pill,train,pill\train\good\220.jpg,640,640
pill,train,pill\train\good\221.jpg,640,640
pill,train,pill\train\good\222.jpg,640,640
pill,train,pill\train\good\223.jpg,640,640
pill,train,pill\train\good\224.jpg,640,640
pill,train,pill\train\good\225.jpg,640,640
pill,train,pill\train\good\226.jpg,640,640
pill,train,pill\train\good\227.jpg,640,640
pill,train,pill\train\good\228.jpg,640,640
pill,train,pill\train\good\229.jpg,640,640
pill,train,pill\train\good\230.jpg,640,640
pill,train,pill\train\good\231.jpg,640,640
pill,train,pill\train\good\232.jpg,640,640
pill,train,pill\train\good\233.jpg,640,640
pill,train,pill\train\good\234.jpg,640,640
pill,train,pill\train\good\235.jpg,640,640
pill,train,pill\train\good\236.jpg,640,640
pill,train,pill\train\good\237.jpg,640,640
pill,train,pill\train\good\238.jpg,640,640
pill,train,pill\train\good\239.jpg,640,640
pill,train,pill\train\good\240.jpg,640,640
pill,train,pill\train\good\241.jpg,640,640
pill,train,pill\train\good\242.jpg,640,640
pill,train,pill\train\good\243.jpg,640,640
pill,train,pill\train\good\244.jpg,640,640
pill,train,pill\train\good\245.jpg,640,640
pill,train,pill\train\good\246.jpg,640,640
pill,train,pill\train\good\247.jpg,640,640
pill,train,pill\train\good\248.jpg,640,640
pill,train,pill\train\good\249.jpg,640,640
pill,train,pill\train\good\250.jpg,640,640
pill,train,pill\train\good\251.jpg,640,640
pill,train,pill\train\good\252.jpg,640,640
pill,train,pill\train\good\253.jpg,640,640
pill,train,pill\train\good\254.jpg,640,640
pill,train,pill\train\good\255.jpg,640,640
pill,train,pill\train\good\256.jpg,640,640
pill,train,pill\train\good\257.jpg,640,640
pill,train,pill\train\good\258.jpg,640,640
pill,train,pill\train\good\259.jpg,640,640
pill,train,pill\train\good\260.jpg,640,640
pill,train,pill\train\good\261.jpg,640,640
pill,train,pill\train\good\262.jpg,640,640
pill,train,pill\train\good\263.jpg,640,640
pill,train,pill\train\good\264.jpg,640,640
pill,train,pill\train\good\265.jpg,640,640
pill,train,pill\train\good\266.jpg,640,640
screw,test,screw\test\good\000.jpg,640,640
screw,test,screw\test\good\001.jpg,640,640
screw,test,screw\test\good\002.jpg,640,640
screw,test,screw\test\good\003.jpg,640,640
screw,test,screw\test\good\004.jpg,640,640
screw,test,screw\test\good\005.jpg,640,640
screw,test,screw\test\good\006.jpg,640,640
screw,test,screw\test\good\007.jpg,640,640
screw,test,screw\test\good\008.jpg,640,640
screw,test,screw\test\good\009.jpg,640,640
screw,test,screw\test\good\010.jpg,640,640
screw,test,screw\test\good\011.jpg,640,640
screw,test,screw\test\good\012.jpg,640,640
screw,test,screw\test\good\013.jpg,640,640
screw,test,screw\test\good\014.jpg,640,640
screw,test,screw\test\good\015.jpg,640,640
screw,test,screw\test\good\016.jpg,640,640
screw,test,screw\test\good\017.jpg,640,640
screw,test,screw\test\good\018.jpg,640,640
screw,test,screw\test\good\019.jpg,640,640
screw,test,screw\test\good\020.jpg,640,640
screw,test,screw\test\good\021.jpg,640,640
screw,test,screw\test\good\022.jpg,640,640
screw,test,screw\test\good\023.jpg,640,640
screw,test,screw\test\good\024.jpg,640,640
screw,test,screw\test\good\025.jpg,640,640
screw,test,screw\test\good\026.jpg,640,640
screw,test,screw\test\good\027.jpg,640,640
screw,test,screw\test\good\028.jpg,640,640
screw,test,screw\test\good\029.jpg,640,640
screw,test,screw\test\good\030.jpg,640,640
screw,test,screw\test\good\031.jpg,640,640
screw,test,screw\test\good\032.jpg,640,640
screw,test,screw\test\good\033.jpg,640,640
screw,test,screw\test\good\034.jpg,640,640
screw,test,screw\test\good\035.jpg,640,640
screw,test,screw\test\good\036.jpg,640,640
screw,test,screw\test\good\037.jpg,640,640
screw,test,screw\test\good\038.jpg,640,640
screw,test,screw\test\good\039.jpg,640,640
screw,test,screw\test\good\040.jpg,640,640
screw,test,screw\test\manipulated_front\000.jpg,640,640
screw,test,screw\test\manipulated_front\001.jpg,640,640
screw,test,screw\test\manipulated_front\002.jpg,640,640
screw,test,screw\test\manipulated_front\003.jpg,640,640
screw,test,screw\test\manipulated_front\004.jpg,640,640
screw,test,screw\test\manipulated_front\005.jpg,640,640
screw,test,screw\test\manipulated_front\006.jpg,640,640
screw,test,screw\test\manipulated_front\007.jpg,640,640
screw,test,screw\test\manipulated_front\008.jpg,640,640
screw,test,screw\test\manipulated_front\009.jpg,640,640
screw,test,screw\test\manipulated_front\010.jpg,640,640
screw,test,screw\test\manipulated_front\011.jpg,640,640
screw,test,screw\test\manipulated_front\012.jpg,640,640
screw,test,screw\test\manipulated_front\013.jpg,640,640
screw,test,screw\test\manipulated_front\014.jpg,640,640
screw,test,screw\test\manipulated_front\015.jpg,640,640
screw,test,screw\test\manipulated_front\016.jpg,640,640
screw,test,screw\test\manipulated_front\017.jpg,640,640
screw,test,screw\test\manipulated_front\018.jpg,640,640
screw,test,screw\test\manipulated_front\019.jpg,640,640
screw,test,screw\test\manipulated_front\020.jpg,640,640
screw,test,screw\test\manipulated_front\021.jpg,640,640
screw,test,screw\test\manipulated_front\022.jpg,640,640
screw,test,screw\test\manipulated_front\023.jpg,640,640
screw,test,screw\test\scratch_head\000.jpg,640,640
screw,test,screw\test\scratch_head\001.jpg,640,640
screw,test,screw\test\scratch_head\002.jpg,640,640
screw,test,screw\test\scratch_head\003.jpg,640,640
screw,test,screw\test\scratch_head\004.jpg,640,640
screw,test,screw\test\scratch_head\005.jpg,640,640
screw,test,screw\test\scratch_head\006.jpg,640,640
screw,test,screw\test\scratch_head\007.jpg,640,640
screw,test,screw\test\scratch_head\008.jpg,640,640
screw,test,screw\test\scratch_head\009.jpg,640,640
screw,test,screw\test\scratch_head\010.jpg,640,640
screw,test,screw\test\scratch_head\011.jpg,640,640
screw,test,screw\test\scratch_head\012.jpg,640,640
screw,test,screw\test\scratch_head\013.jpg,640,640
screw,test,screw\test\scratch_head\014.jpg,640,640
screw,test,screw\test\scratch_head\015.jpg,640,640
screw,test,screw\test\scratch_head\016.jpg,640,640
screw,test,screw\test\scratch_head\017.jpg,640,640
screw,test,screw\test\scratch_head\018.jpg,640,640
screw,test,screw\test\scratch_head\019.jpg,640,640
screw,test,screw\test\scratch_head\020.jpg,640,640
screw,test,screw\test\scratch_head\021.jpg,640,640
screw,test,screw\test\scratch_head\022.jpg,640,640
screw,test,screw\test\scratch_head\023.jpg,640,640
screw,test,screw\test\scratch_neck\000.jpg,640,640
screw,test,screw\test\scratch_neck\001.jpg,640,640
screw,test,screw\test\scratch_neck\002.jpg,640,640
screw,test,screw\test\scratch_neck\003.jpg,640,640
screw,test,screw\test\scratch_neck\004.jpg,640,640
screw,test,screw\test\scratch_neck\005.jpg,640,640
screw,test,screw\test\scratch_neck\006.jpg,640,640
screw,test,screw\test\scratch_neck\007.jpg,640,640
screw,test,screw\test\scratch_neck\008.jpg,640,640
screw,test,screw\test\scratch_neck\009.jpg,640,640
screw,test,screw\test\scratch_neck\010.jpg,640,640
screw,test,screw\test\scratch_neck\011.jpg,640,640
screw,test,screw\test\scratch_neck\012.jpg,640,640
screw,test,screw\test\scratch_neck\013.jpg,640,640
screw,test,screw\test\scratch_neck\014.jpg,640,640
screw,test,screw\test\scratch_neck\015.jpg,640,640
screw,test,screw\test\scratch_neck\016.jpg,640,640
screw,test,screw\test\scratch_neck\017.jpg,640,640
screw,test,screw\test\scratch_neck\018.jpg,640,640
screw,test,screw\test\scratch_neck\019.jpg,640,640
screw,test,screw\test\scratch_neck\020.jpg,640,640
screw,test,screw\test\scratch_neck\021.jpg,640,640
screw,test,screw\test\scratch_neck\022.jpg,640,640
screw,test,screw\test\scratch_neck\023.jpg,640,640
screw,test,screw\test\scratch_neck\024.jpg,640,640
screw,test,screw\test\thread_side\000.jpg,640,640
screw,test,screw\test\thread_side\001.jpg,640,640
screw,test,screw\test\thread_side\002.jpg,640,640
screw,test,screw\test\thread_side\003.jpg,640,640
screw,test,screw\test\thread_side\004.jpg,640,640
screw,test,screw\test\thread_side\005.jpg,640,640
screw,test,screw\test\thread_side\006.jpg,640,640
screw,test,screw\test\thread_side\007.jpg,640,640
screw,test,screw\test\thread_side\008.jpg,640,640
screw,test,screw\test\thread_side\009.jpg,640,640
screw,test,screw\test\thread_side\010.jpg,640,640
screw,test,screw\test\thread_side\011.jpg,640,640
screw,test,screw\test\thread_side\012.jpg,640,640
screw,test,screw\test\thread_side\013.jpg,640,640
screw,test,screw\test\thread_side\014.jpg,640,640
screw,test,screw\test\thread_side\015.jpg,640,640
screw,test,screw\test\thread_side\016.jpg,640,640
screw,test,screw\test\thread_side\017.jpg,640,640
screw,test,screw\test\thread_side\018.jpg,640,640
screw,test,screw\test\thread_side\019.jpg,640,640
screw,test,screw\test\thread_side\020.jpg,640,640
screw,test,screw\test\thread_side\021.jpg,640,640
screw,test,screw\test\thread_side\022.jpg,640,640
screw,test,screw\test\thread_top\000.jpg,640,640
screw,test,screw\test\thread_top\001.jpg,640,640
screw,test,screw\test\thread_top\002.jpg,640,640
screw,test,screw\test\thread_top\003.jpg,640,640
screw,test,screw\test\thread_top\004.jpg,640,640
screw,test,screw\test\thread_top\005.jpg,640,640
screw,test,screw\test\thread_top\006.jpg,640,640
screw,test,screw\test\thread_top\007.jpg,640,640
screw,test,screw\test\thread_top\008.jpg,640,640
screw,test,screw\test\thread_top\009.jpg,640,640
screw,test,screw\test\thread_top\010.jpg,640,640
screw,test,screw\test\thread_top\011.jpg,640,640
screw,test,screw\test\thread_top\012.jpg,640,640
screw,test,screw\test\thread_top\013.jpg,640,640
screw,test,screw\test\thread_top\014.jpg,640,640
screw,test,screw\test\thread_top\015.jpg,640,640
screw,test,screw\test\thread_top\016.jpg,640,640
screw,test,screw\test\thread_top\017.jpg,640,640
screw,test,screw\test\thread_top\018.jpg,640,640
screw,test,screw\test\thread_top\019.jpg,640,640
screw,test,screw\test\thread_top\020.jpg,640,640
screw,test,screw\test\thread_top\021.jpg,640,640
screw,test,screw\test\thread_top\022.jpg,640,640
screw,train,screw\train\good\000.jpg,640,640
screw,train,screw\train\good\001.jpg,640,640
screw,train,screw\train\good\002.jpg,640,640
screw,train,screw\train\good\003.jpg,640,640
screw,train,screw\train\good\004.jpg,640,640
screw,train,screw\train\good\005.jpg,640,640
screw,train,screw\train\good\006.jpg,640,640
screw,train,screw\train\good\007.jpg,640,640
screw,train,screw\train\good\008.jpg,640,640
screw,train,screw\train\good\009.jpg,640,640
screw,train,screw\train\good\010.jpg,640,640
screw,train,screw\train\good\011.jpg,640,640
screw,train,screw\train\good\012.jpg,640,640
screw,train,screw\train\good\013.jpg,640,640
screw,train,screw\train\good\014.jpg,640,640
screw,train,screw\train\good\015.jpg,640,640
screw,train,screw\train\good\016.jpg,640,640
screw,train,screw\train\good\017.jpg,640,640
screw,train,screw\train\good\018.jpg,640,640
screw,train,screw\train\good\019.jpg,640,640
screw,train,screw\train\good\020.jpg,640,640
screw,train,screw\train\good\021.jpg,640,640
screw,train,screw\train\good\022.jpg,640,640
screw,train,screw\train\good\023.jpg,640,640
screw,train,screw\train\good\024.jpg,640,640
screw,train,screw\train\good\025.jpg,640,640
screw,train,screw\train\good\026.jpg,640,640
screw,train,screw\train\good\027.jpg,640,640
screw,train,screw\train\good\028.jpg,640,640
screw,train,screw\train\good\029.jpg,640,640
screw,train,screw\train\good\030.jpg,640,640
screw,train,screw\train\good\031.jpg,640,640
screw,train,screw\train\good\032.jpg,640,640
screw,train,screw\train\good\033.jpg,640,640
screw,train,screw\train\good\034.jpg,640,640
screw,train,screw\train\good\035.jpg,640,640
screw,train,screw\train\good\036.jpg,640,640
screw,train,screw\train\good\037.jpg,640,640
screw,train,screw\train\good\038.jpg,640,640
screw,train,screw\train\good\039.jpg,640,640
screw,train,screw\train\good\040.jpg,640,640
screw,train,screw\train\good\041.jpg,640,640
screw,train,screw\train\good\042.jpg,640,640
screw,train,screw\train\good\043.jpg,640,640
screw,train,screw\train\good\044.jpg,640,640
screw,train,screw\train\good\045.jpg,640,640
screw,train,screw\train\good\046.jpg,640,640
screw,train,screw\train\good\047.jpg,640,640
screw,train,screw\train\good\048.jpg,640,640
screw,train,screw\train\good\049.jpg,640,640
screw,train,screw\train\good\050.jpg,640,640
screw,train,screw\train\good\051.jpg,640,640
screw,train,screw\train\good\052.jpg,640,640
screw,train,screw\train\good\053.jpg,640,640
screw,train,screw\train\good\054.jpg,640,640
screw,train,screw\train\good\055.jpg,640,640
screw,train,screw\train\good\056.jpg,640,640
screw,train,screw\train\good\057.jpg,640,640
screw,train,screw\train\good\058.jpg,640,640
screw,train,screw\train\good\059.jpg,640,640
screw,train,screw\train\good\060.jpg,640,640
screw,train,screw\train\good\061.jpg,640,640
screw,train,screw\train\good\062.jpg,640,640
screw,train,screw\train\good\063.jpg,640,640
screw,train,screw\train\good\064.jpg,640,640
screw,train,screw\train\good\065.jpg,640,640
screw,train,screw\train\good\066.jpg,640,640
screw,train,screw\train\good\067.jpg,640,640
screw,train,screw\train\good\068.jpg,640,640
screw,train,screw\train\good\069.jpg,640,640
screw,train,screw\train\good\070.jpg,640,640
screw,train,screw\train\good\071.jpg,640,640
screw,train,screw\train\good\072.jpg,640,640
screw,train,screw\train\good\073.jpg,640,640
screw,train,screw\train\good\074.jpg,640,640
screw,train,screw\train\good\075.jpg,640,640
screw,train,screw\train\good\076.jpg,640,640
screw,train,screw\train\good\077.jpg,640,640
screw,train,screw\train\good\078.jpg,640,640
screw,train,screw\train\good\079.jpg,640,640
screw,train,screw\train\good\080.jpg,640,640
screw,train,screw\train\good\081.jpg,640,640
screw,train,screw\train\good\082.jpg,640,640
screw,train,screw\train\good\083.jpg,640,640
screw,train,screw\train\good\084.jpg,640,640
screw,train,screw\train\good\085.jpg,640,640
screw,train,screw\train\good\086.jpg,640,640
screw,train,screw\train\good\087.jpg,640,640
screw,train,screw\train\good\088.jpg,640,640
screw,train,screw\train\good\089.jpg,640,640
screw,train,screw\train\good\090.jpg,640,640
screw,train,screw\train\good\091.jpg,640,640
screw,train,screw\train\good\092.jpg,640,640
screw,train,screw\train\good\093.jpg,640,640
screw,train,screw\train\good\094.jpg,640,640
screw,train,screw\train\good\095.jpg,640,640
screw,train,screw\train\good\096.jpg,640,640
screw,train,screw\train\good\097.jpg,640,640
screw,train,screw\train\good\098.jpg,640,640
screw,train,screw\train\good\099.jpg,640,640
screw,train,screw\train\good\100.jpg,640,640
screw,train,screw\train\good\101.jpg,640,640
screw,train,screw\train\good\102.jpg,640,640
screw,train,screw\train\good\103.jpg,640,640
screw,train,screw\train\good\104.jpg,640,640
screw,train,screw\train\good\105.jpg,640,640
screw,train,screw\train\good\106.jpg,640,640
screw,train,screw\train\good\107.jpg,640,640
screw,train,screw\train\good\108.jpg,640,640
screw,train,screw\train\good\109.jpg,640,640
screw,train,screw\train\good\110.jpg,640,640
screw,train,screw\train\good\111.jpg,640,640
screw,train,screw\train\good\112.jpg,640,640
screw,train,screw\train\good\113.jpg,640,640
screw,train,screw\train\good\114.jpg,640,640
screw,train,screw\train\good\115.jpg,640,640
screw,train,screw\train\good\116.jpg,640,640
screw,train,screw\train\good\117.jpg,640,640
screw,train,screw\train\good\118.jpg,640,640
screw,train,screw\train\good\119.jpg,640,640
screw,train,screw\train\good\120.jpg,640,640
screw,train,screw\train\good\121.jpg,640,640
screw,train,screw\train\good\122.jpg,640,640
screw,train,screw\train\good\123.jpg,640,640
screw,train,screw\train\good\124.jpg,640,640
screw,train,screw\train\good\125.jpg,640,640
screw,train,screw\train\good\126.jpg,640,640
screw,train,screw\train\good\127.jpg,640,640
screw,train,screw\train\good\128.jpg,640,640
screw,train,screw\train\good\129.jpg,640,640
screw,train,screw\train\good\130.jpg,640,640
screw,train,screw\train\good\131.jpg,640,640
screw,train,screw\train\good\132.jpg,640,640
screw,train,screw\train\good\133.jpg,640,640
screw,train,screw\train\good\134.jpg,640,640
screw,train,screw\train\good\135.jpg,640,640
screw,train,screw\train\good\136.jpg,640,640
screw,train,screw\train\good\137.jpg,640,640
screw,train,screw\train\good\138.jpg,640,640
screw,train,screw\train\good\139.jpg,640,640
screw,train,screw\train\good\140.jpg,640,640
screw,train,screw\train\good\141.jpg,640,640
screw,train,screw\train\good\142.jpg,640,640
screw,train,screw\train\good\143.jpg,640,640
screw,train,screw\train\good\144.jpg,640,640
screw,train,screw\train\good\145.jpg,640,640
screw,train,screw\train\good\146.jpg,640,640
screw,train,screw\train\good\147.jpg,640,640
screw,train,screw\train\good\148.jpg,640,640
screw,train,screw\train\good\149.jpg,640,640
screw,train,screw\train\good\150.jpg,640,640
screw,train,screw\train\good\151.jpg,640,640
screw,train,screw\train\good\152.jpg,640,640
screw,train,screw\train\good\153.jpg,640,640
screw,train,screw\train\good\154.jpg,640,640
screw,train,screw\train\good\155.jpg,640,640
screw,train,screw\train\good\156.jpg,640,640
screw,train,screw\train\good\157.jpg,640,640
screw,train,screw\train\good\158.jpg,640,640
screw,train,screw\train\good\159.jpg,640,640
screw,train,screw\train\good\160.jpg,640,640
screw,train,screw\train\good\161.jpg,640,640
screw,train,screw\train\good\162.jpg,640,640
screw,train,screw\train\good\163.jpg,640,640
screw,train,screw\train\good\164.jpg,640,640
screw,train,screw\train\good\165.jpg,640,640
screw,train,screw\train\good\166.jpg,640,640
screw,train,screw\train\good\167.jpg,640,640
screw,train,screw\train\good\168.jpg,640,640
screw,train,screw\train\good\169.jpg,640,640
screw,train,screw\train\good\170.jpg,640,640
screw,train,screw\train\good\171.jpg,640,640
screw,train,screw\train\good\172.jpg,640,640
screw,train,screw\train\good\173.jpg,640,640
screw,train,screw\train\good\174.jpg,640,640
screw,train,screw\train\good\175.jpg,640,640
screw,train,screw\train\good\176.jpg,640,640
screw,train,screw\train\good\177.jpg,640,640
screw,train,screw\train\good\178.jpg,640,640
screw,train,screw\train\good\179.jpg,640,640
screw,train,screw\train\good\180.jpg,640,640
screw,train,screw\train\good\181.jpg,640,640
screw,train,screw\train\good\182.jpg,640,640
screw,train,screw\train\good\183.jpg,640,640
screw,train,screw\train\good\184.jpg,640,640
screw,train,screw\train\good\185.jpg,640,640
screw,train,screw\train\good\186.jpg,640,640
screw,train,screw\train\good\187.jpg,640,640
screw,train,screw\train\good\188.jpg,640,640
screw,train,screw\train\good\189.jpg,640,640
screw,train,screw\train\good\190.jpg,640,640
screw,train,screw\train\good\191.jpg,640,640
screw,train,screw\train\good\192.jpg,640,640
screw,train,screw\train\good\193.jpg,640,640
screw,train,screw\train\good\194.jpg,640,640
screw,train,screw\train\good\195.jpg,640,640
screw,train,screw\train\good\196.jpg,640,640
screw,train,screw\train\good\197.jpg,640,640
screw,train,screw\train\good\198.jpg,640,640
screw,train,screw\train\good\199.jpg,640,640
screw,train,screw\train\good\200.jpg,640,640
screw,train,screw\train\good\201.jpg,640,640
screw,train,screw\train\good\202.jpg,640,640
screw,train,screw\train\good\203.jpg,640,640
screw,train,screw\train\good\204.jpg,640,640
screw,train,screw\train\good\205.jpg,640,640
screw,train,screw\train\good\206.jpg,640,640
screw,train,screw\train\good\207.jpg,640,640
screw,train,screw\train\good\208.jpg,640,640
screw,train,screw\train\good\209.jpg,640,640
screw,train,screw\train\good\210.jpg,640,640
screw,train,screw\train\good\211.jpg,640,640
screw,train,screw\train\good\212.jpg,640,640
screw,train,screw\train\good\213.jpg,640,640
screw,train,screw\train\good\214.jpg,640,640
screw,train,screw\train\good\215.jpg,640,640
screw,train,screw\train\good\216.jpg,640,640
screw,train,screw\train\good\217.jpg,640,640
screw,train,screw\train\good\218.jpg,640,640
screw,train,screw\train\good\219.jpg,640,640
screw,train,screw\train\good\220.jpg,640,640
screw,train,screw\train\good\221.jpg,640,640
screw,train,screw\train\good\222.jpg,640,640
screw,train,screw\train\good\223.jpg,640,640
screw,train,screw\train\good\224.jpg,640,640
screw,train,screw\train\good\225.jpg,640,640
screw,train,screw\train\good\226.jpg,640,640
screw,train,screw\train\good\227.jpg,640,640
screw,train,screw\train\good\228.jpg,640,640
screw,train,screw\train\good\229.jpg,640,640
screw,train,screw\train\good\230.jpg,640,640
screw,train,screw\train\good\231.jpg,640,640
screw,train,screw\train\good\232.jpg,640,640
screw,train,screw\train\good\233.jpg,640,640
screw,train,screw\train\good\234.jpg,640,640
screw,train,screw\train\good\235.jpg,640,640
screw,train,screw\train\good\236.jpg,640,640
screw,train,screw\train\good\237.jpg,640,640
screw,train,screw\train\good\238.jpg,640,640
screw,train,screw\train\good\239.jpg,640,640
screw,train,screw\train\good\240.jpg,640,640
screw,train,screw\train\good\241.jpg,640,640
screw,train,screw\train\good\242.jpg,640,640
screw,train,screw\train\good\243.jpg,640,640
screw,train,screw\train\good\244.jpg,640,640
screw,train,screw\train\good\245.jpg,640,640
screw,train,screw\train\good\246.jpg,640,640
screw,train,screw\train\good\247.jpg,640,640
screw,train,screw\train\good\248.jpg,640,640
screw,train,screw\train\good\249.jpg,640,640
screw,train,screw\train\good\250.jpg,640,640
screw,train,screw\train\good\251.jpg,640,640
screw,train,screw\train\good\252.jpg,640,640
screw,train,screw\train\good\253.jpg,640,640
screw,train,screw\train\good\254.jpg,640,640
screw,train,screw\train\good\255.jpg,640,640
screw,train,screw\train\good\256.jpg,640,640
screw,train,screw\train\good\257.jpg,640,640
screw,train,screw\train\good\258.jpg,640,640
screw,train,screw\train\good\259.jpg,640,640
screw,train,screw\train\good\260.jpg,640,640
screw,train,screw\train\good\261.jpg,640,640
screw,train,screw\train\good\262.jpg,640,640
screw,train,screw\train\good\263.jpg,640,640
screw,train,screw\train\good\264.jpg,640,640
screw,train,screw\train\good\265.jpg,640,640
screw,train,screw\train\good\266.jpg,640,640
screw,train,screw\train\good\267.jpg,640,640
screw,train,screw\train\good\268.jpg,640,640
screw,train,screw\train\good\269.jpg,640,640
screw,train,screw\train\good\270.jpg,640,640
screw,train,screw\train\good\271.jpg,640,640
screw,train,screw\train\good\272.jpg,640,640
screw,train,screw\train\good\273.jpg,640,640
screw,train,screw\train\good\274.jpg,640,640
screw,train,screw\train\good\275.jpg,640,640
screw,train,screw\train\good\276.jpg,640,640
screw,train,screw\train\good\277.jpg,640,640
screw,train,screw\train\good\278.jpg,640,640
screw,train,screw\train\good\279.jpg,640,640
screw,train,screw\train\good\280.jpg,640,640
screw,train,screw\train\good\281.jpg,640,640
screw,train,screw\train\good\282.jpg,640,640
screw,train,screw\train\good\283.jpg,640,640
screw,train,screw\train\good\284.jpg,640,640
screw,train,screw\train\good\285.jpg,640,640
screw,train,screw\train\good\286.jpg,640,640
screw,train,screw\train\good\287.jpg,640,640
screw,train,screw\train\good\288.jpg,640,640
screw,train,screw\train\good\289.jpg,640,640
screw,train,screw\train\good\290.jpg,640,640
screw,train,screw\train\good\291.jpg,640,640
screw,train,screw\train\good\292.jpg,640,640
screw,train,screw\train\good\293.jpg,640,640
screw,train,screw\train\good\294.jpg,640,640
screw,train,screw\train\good\295.jpg,640,640
screw,train,screw\train\good\296.jpg,640,640
screw,train,screw\train\good\297.jpg,640,640
screw,train,screw\train\good\298.jpg,640,640
screw,train,screw\train\good\299.jpg,640,640
screw,train,screw\train\good\300.jpg,640,640
screw,train,screw\train\good\301.jpg,640,640
screw,train,screw\train\good\302.jpg,640,640
screw,train,screw\train\good\303.jpg,640,640
screw,train,screw\train\good\304.jpg,640,640
screw,train,screw\train\good\305.jpg,640,640
screw,train,screw\train\good\306.jpg,640,640
screw,train,screw\train\good\307.jpg,640,640
screw,train,screw\train\good\308.jpg,640,640
screw,train,screw\train\good\309.jpg,640,640
screw,train,screw\train\good\310.jpg,640,640
screw,train,screw\train\good\311.jpg,640,640
screw,train,screw\train\good\312.jpg,640,640
screw,train,screw\train\good\313.jpg,640,640
screw,train,screw\train\good\314.jpg,640,640
screw,train,screw\train\good\315.jpg,640,640
screw,train,screw\train\good\316.jpg,640,640
screw,train,screw\train\good\317.jpg,640,640
screw,train,screw\train\good\318.jpg,640,640
screw,train,screw\train\good\319.jpg,640,640
tile,test,tile\test\crack\000.jpg,640,640
tile,test,tile\test\crack\001.jpg,640,640
tile,test,tile\test\crack\002.jpg,640,640
tile,test,tile\test\crack\003.jpg,640,640
tile,test,tile\test\crack\004.jpg,640,640
tile,test,tile\test\crack\005.jpg,640,640
tile,test,tile\test\crack\006.jpg,640,640
tile,test,tile\test\crack\007.jpg,640,640
tile,test,tile\test\crack\008.jpg,640,640
tile,test,tile\test\crack\009.jpg,640,640
tile,test,tile\test\crack\010.jpg,640,640
tile,test,tile\test\crack\011.jpg,640,640
tile,test,tile\test\crack\012.jpg,640,640
tile,test,tile\test\crack\013.jpg,640,640
tile,test,tile\test\crack\014.jpg,640,640
tile,test,tile\test\crack\015.jpg,640,640
tile,test,tile\test\crack\016.jpg,640,640
tile,test,tile\test\glue_strip\000.jpg,640,640
tile,test,tile\test\glue_strip\001.jpg,640,640
tile,test,tile\test\glue_strip\002.jpg,640,640
tile,test,tile\test\glue_strip\003.jpg,640,640
tile,test,tile\test\glue_strip\004.jpg,640,640
tile,test,tile\test\glue_strip\005.jpg,640,640
tile,test,tile\test\glue_strip\006.jpg,640,640
tile,test,tile\test\glue_strip\007.jpg,640,640
tile,test,tile\test\glue_strip\008.jpg,640,640
tile,test,tile\test\glue_strip\009.jpg,640,640
tile,test,tile\test\glue_strip\010.jpg,640,640
tile,test,tile\test\glue_strip\011.jpg,640,640
tile,test,tile\test\glue_strip\012.jpg,640,640
tile,test,tile\test\glue_strip\013.jpg,640,640
tile,test,tile\test\glue_strip\014.jpg,640,640
tile,test,tile\test\glue_strip\015.jpg,640,640
tile,test,tile\test\glue_strip\016.jpg,640,640
tile,test,tile\test\glue_strip\017.jpg,640,640
tile,test,tile\test\good\000.jpg,640,640
tile,test,tile\test\good\001.jpg,640,640
tile,test,tile\test\good\002.jpg,640,640
tile,test,tile\test\good\003.jpg,640,640
tile,test,tile\test\good\004.jpg,640,640
tile,test,tile\test\good\005.jpg,640,640
tile,test,tile\test\good\006.jpg,640,640
tile,test,tile\test\good\007.jpg,640,640
tile,test,tile\test\good\008.jpg,640,640
tile,test,tile\test\good\009.jpg,640,640
tile,test,tile\test\good\010.jpg,640,640
tile,test,tile\test\good\011.jpg,640,640
tile,test,tile\test\good\012.jpg,640,640
tile,test,tile\test\good\013.jpg,640,640
tile,test,tile\test\good\014.jpg,640,640
tile,test,tile\test\good\015.jpg,640,640
tile,test,tile\test\good\016.jpg,640,640
tile,test,tile\test\good\017.jpg,640,640
tile,test,tile\test\good\018.jpg,640,640
tile,test,tile\test\good\019.jpg,640,640
tile,test,tile\test\good\020.jpg,640,640
tile,test,tile\test\good\021.jpg,640,640
tile,test,tile\test\good\022.jpg,640,640
tile,test,tile\test\good\023.jpg,640,640
tile,test,tile\test\good\024.jpg,640,640
tile,test,tile\test\good\025.jpg,640,640
tile,test,tile\test\good\026.jpg,640,640
tile,test,tile\test\good\027.jpg,640,640
tile,test,tile\test\good\028.jpg,640,640
tile,test,tile\test\good\029.jpg,640,640
tile,test,tile\test\good\030.jpg,640,640
tile,test,tile\test\good\031.jpg,640,640
tile,test,tile\test\good\032.jpg,640,640
tile,test,tile\test\gray_stroke\000.jpg,640,640
tile,test,tile\test\gray_stroke\001.jpg,640,640
tile,test,tile\test\gray_stroke\002.jpg,640,640
tile,test,tile\test\gray_stroke\003.jpg,640,640
tile,test,tile\test\gray_stroke\004.jpg,640,640
tile,test,tile\test\gray_stroke\005.jpg,640,640
tile,test,tile\test\gray_stroke\006.jpg,640,640
tile,test,tile\test\gray_stroke\007.jpg,640,640
tile,test,tile\test\gray_stroke\008.jpg,640,640
tile,test,tile\test\gray_stroke\009.jpg,640,640
tile,test,tile\test\gray_stroke\010.jpg,640,640
tile,test,tile\test\gray_stroke\011.jpg,640,640
tile,test,tile\test\gray_stroke\012.jpg,640,640
tile,test,tile\test\gray_stroke\013.jpg,640,640
tile,test,tile\test\gray_stroke\014.jpg,640,640
tile,test,tile\test\gray_stroke\015.jpg,640,640
tile,test,tile\test\oil\000.jpg,640,640
tile,test,tile\test\oil\001.jpg,640,640
tile,test,tile\test\oil\002.jpg,640,640
tile,test,tile\test\oil\003.jpg,640,640
tile,test,tile\test\oil\004.jpg,640,640
tile,test,tile\test\oil\005.jpg,640,640
tile,test,tile\test\oil\006.jpg,640,640
tile,test,tile\test\oil\007.jpg,640,640
tile,test,tile\test\oil\008.jpg,640,640
tile,test,tile\test\oil\009.jpg,640,640
tile,test,tile\test\oil\010.jpg,640,640
tile,test,tile\test\oil\011.jpg,640,640
tile,test,tile\test\oil\012.jpg,640,640
tile,test,tile\test\oil\013.jpg,640,640
tile,test,tile\test\oil\014.jpg,640,640
tile,test,tile\test\oil\015.jpg,640,640
tile,test,tile\test\oil\016.jpg,640,640
tile,test,tile\test\oil\017.jpg,640,640
tile,test,tile\test\rough\000.jpg,640,640
tile,test,tile\test\rough\001.jpg,640,640
tile,test,tile\test\rough\002.jpg,640,640
tile,test,tile\test\rough\003.jpg,640,640
tile,test,tile\test\rough\004.jpg,640,640
tile,test,tile\test\rough\005.jpg,640,640
tile,test,tile\test\rough\006.jpg,640,640
tile,test,tile\test\rough\007.jpg,640,640
tile,test,tile\test\rough\008.jpg,640,640
tile,test,tile\test\rough\009.jpg,640,640
tile,test,tile\test\rough\010.jpg,640,640
tile,test,tile\test\rough\011.jpg,640,640
tile,test,tile\test\rough\012.jpg,640,640
tile,test,tile\test\rough\013.jpg,640,640
tile,test,tile\test\rough\014.jpg,640,640
tile,train,tile\train\good\000.jpg,640,640
tile,train,tile\train\good\001.jpg,640,640
tile,train,tile\train\good\002.jpg,640,640
tile,train,tile\train\good\003.jpg,640,640
tile,train,tile\train\good\004.jpg,640,640
tile,train,tile\train\good\005.jpg,640,640
tile,train,tile\train\good\006.jpg,640,640
tile,train,tile\train\good\007.jpg,640,640
tile,train,tile\train\good\008.jpg,640,640
tile,train,tile\train\good\009.jpg,640,640
tile,train,tile\train\good\010.jpg,640,640
tile,train,tile\train\good\011.jpg,640,640
tile,train,tile\train\good\012.jpg,640,640
tile,train,tile\train\good\013.jpg,640,640
tile,train,tile\train\good\014.jpg,640,640
tile,train,tile\train\good\015.jpg,640,640
tile,train,tile\train\good\016.jpg,640,640
tile,train,tile\train\good\017.jpg,640,640
tile,train,tile\train\good\018.jpg,640,640
tile,train,tile\train\good\019.jpg,640,640
tile,train,tile\train\good\020.jpg,640,640
tile,train,tile\train\good\021.jpg,640,640
tile,train,tile\train\good\022.jpg,640,640
tile,train,tile\train\good\023.jpg,640,640
tile,train,tile\train\good\024.jpg,640,640
tile,train,tile\train\good\025.jpg,640,640
tile,train,tile\train\good\026.jpg,640,640
tile,train,tile\train\good\027.jpg,640,640
tile,train,tile\train\good\028.jpg,640,640
tile,train,tile\train\good\029.jpg,640,640
tile,train,tile\train\good\030.jpg,640,640
tile,train,tile\train\good\031.jpg,640,640
tile,train,tile\train\good\032.jpg,640,640
tile,train,tile\train\good\033.jpg,640,640
tile,train,tile\train\good\034.jpg,640,640
tile,train,tile\train\good\035.jpg,640,640
tile,train,tile\train\good\036.jpg,640,640
tile,train,tile\train\good\037.jpg,640,640
tile,train,tile\train\good\038.jpg,640,640
tile,train,tile\train\good\039.jpg,640,640
tile,train,tile\train\good\040.jpg,640,640
tile,train,tile\train\good\041.jpg,640,640
tile,train,tile\train\good\042.jpg,640,640
tile,train,tile\train\good\043.jpg,640,640
tile,train,tile\train\good\044.jpg,640,640
tile,train,tile\train\good\045.jpg,640,640
tile,train,tile\train\good\046.jpg,640,640
tile,train,tile\train\good\047.jpg,640,640
tile,train,tile\train\good\048.jpg,640,640
tile,train,tile\train\good\049.jpg,640,640
tile,train,tile\train\good\050.jpg,640,640
tile,train,tile\train\good\051.jpg,640,640
tile,train,tile\train\good\052.jpg,640,640
tile,train,tile\train\good\053.jpg,640,640
tile,train,tile\train\good\054.jpg,640,640
tile,train,tile\train\good\055.jpg,640,640
tile,train,tile\train\good\056.jpg,640,640
tile,train,tile\train\good\057.jpg,640,640
tile,train,tile\train\good\058.jpg,640,640
tile,train,tile\train\good\059.jpg,640,640
tile,train,tile\train\good\060.jpg,640,640
tile,train,tile\train\good\061.jpg,640,640
tile,train,tile\train\good\062.jpg,640,640
tile,train,tile\train\good\063.jpg,640,640
tile,train,tile\train\good\064.jpg,640,640
tile,train,tile\train\good\065.jpg,640,640
tile,train,tile\train\good\066.jpg,640,640
tile,train,tile\train\good\067.jpg,640,640
tile,train,tile\train\good\068.jpg,640,640
tile,train,tile\train\good\069.jpg,640,640
tile,train,tile\train\good\070.jpg,640,640
tile,train,tile\train\good\071.jpg,640,640
tile,train,tile\train\good\072.jpg,640,640
tile,train,tile\train\good\073.jpg,640,640
tile,train,tile\train\good\074.jpg,640,640
tile,train,tile\train\good\075.jpg,640,640
tile,train,tile\train\good\076.jpg,640,640
tile,train,tile\train\good\077.jpg,640,640
tile,train,tile\train\good\078.jpg,640,640
tile,train,tile\train\good\079.jpg,640,640
tile,train,tile\train\good\080.jpg,640,640
tile,train,tile\train\good\081.jpg,640,640
tile,train,tile\train\good\082.jpg,640,640
tile,train,tile\train\good\083.jpg,640,640
tile,train,tile\train\good\084.jpg,640,640
tile,train,tile\train\good\085.jpg,640,640
tile,train,tile\train\good\086.jpg,640,640
tile,train,tile\train\good\087.jpg,640,640
tile,train,tile\train\good\088.jpg,640,640
tile,train,tile\train\good\089.jpg,640,640
tile,train,tile\train\good\090.jpg,640,640
tile,train,tile\train\good\091.jpg,640,640
tile,train,tile\train\good\092.jpg,640,640
tile,train,tile\train\good\093.jpg,640,640
tile,train,tile\train\good\094.jpg,640,640
tile,train,tile\train\good\095.jpg,640,640
tile,train,tile\train\good\096.jpg,640,640
tile,train,tile\train\good\097.jpg,640,640
tile,train,tile\train\good\098.jpg,640,640
tile,train,tile\train\good\099.jpg,640,640
tile,train,tile\train\good\100.jpg,640,640
tile,train,tile\train\good\101.jpg,640,640
tile,train,tile\train\good\102.jpg,640,640
tile,train,tile\train\good\103.jpg,640,640
tile,train,tile\train\good\104.jpg,640,640
tile,train,tile\train\good\105.jpg,640,640
tile,train,tile\train\good\106.jpg,640,640
tile,train,tile\train\good\107.jpg,640,640
tile,train,tile\train\good\108.jpg,640,640
tile,train,tile\train\good\109.jpg,640,640
tile,train,tile\train\good\110.jpg,640,640
tile,train,tile\train\good\111.jpg,640,640
tile,train,tile\train\good\112.jpg,640,640
tile,train,tile\train\good\113.jpg,640,640
tile,train,tile\train\good\114.jpg,640,640
tile,train,tile\train\good\115.jpg,640,640
tile,train,tile\train\good\116.jpg,640,640
tile,train,tile\train\good\117.jpg,640,640
tile,train,tile\train\good\118.jpg,640,640
tile,train,tile\train\good\119.jpg,640,640
tile,train,tile\train\good\120.jpg,640,640
tile,train,tile\train\good\121.jpg,640,640
tile,train,tile\train\good\122.jpg,640,640
tile,train,tile\train\good\123.jpg,640,640
tile,train,tile\train\good\124.jpg,640,640
tile,train,tile\train\good\125.jpg,640,640
tile,train,tile\train\good\126.jpg,640,640
tile,train,tile\train\good\127.jpg,640,640
tile,train,tile\train\good\128.jpg,640,640
tile,train,tile\train\good\129.jpg,640,640
tile,train,tile\train\good\130.jpg,640,640
tile,train,tile\train\good\131.jpg,640,640
tile,train,tile\train\good\132.jpg,640,640
tile,train,tile\train\good\133.jpg,640,640
tile,train,tile\train\good\134.jpg,640,640
tile,train,tile\train\good\135.jpg,640,640
tile,train,tile\train\good\136.jpg,640,640
tile,train,tile\train\good\137.jpg,640,640
tile,train,tile\train\good\138.jpg,640,640
tile,train,tile\train\good\139.jpg,640,640
tile,train,tile\train\good\140.jpg,640,640
tile,train,tile\train\good\141.jpg,640,640
tile,train,tile\train\good\142.jpg,640,640
tile,train,tile\train\good\143.jpg,640,640
tile,train,tile\train\good\144.jpg,640,640
tile,train,tile\train\good\145.jpg,640,640
tile,train,tile\train\good\146.jpg,640,640
tile,train,tile\train\good\147.jpg,640,640
tile,train,tile\train\good\148.jpg,640,640
tile,train,tile\train\good\149.jpg,640,640
tile,train,tile\train\good\150.jpg,640,640
tile,train,tile\train\good\151.jpg,640,640
tile,train,tile\train\good\152.jpg,640,640
tile,train,tile\train\good\153.jpg,640,640
tile,train,tile\train\good\154.jpg,640,640
tile,train,tile\train\good\155.jpg,640,640
tile,train,tile\train\good\156.jpg,640,640
tile,train,tile\train\good\157.jpg,640,640
tile,train,tile\train\good\158.jpg,640,640
tile,train,tile\train\good\159.jpg,640,640
tile,train,tile\train\good\160.jpg,640,640
tile,train,tile\train\good\161.jpg,640,640
tile,train,tile\train\good\162.jpg,640,640
tile,train,tile\train\good\163.jpg,640,640
tile,train,tile\train\good\164.jpg,640,640
tile,train,tile\train\good\165.jpg,640,640
tile,train,tile\train\good\166.jpg,640,640
tile,train,tile\train\good\167.jpg,640,640
tile,train,tile\train\good\168.jpg,640,640
tile,train,tile\train\good\169.jpg,640,640
tile,train,tile\train\good\170.jpg,640,640
tile,train,tile\train\good\171.jpg,640,640
tile,train,tile\train\good\172.jpg,640,640
tile,train,tile\train\good\173.jpg,640,640
tile,train,tile\train\good\174.jpg,640,640
tile,train,tile\train\good\175.jpg,640,640
tile,train,tile\train\good\176.jpg,640,640
tile,train,tile\train\good\177.jpg,640,640
tile,train,tile\train\good\178.jpg,640,640
tile,train,tile\train\good\179.jpg,640,640
tile,train,tile\train\good\180.jpg,640,640
tile,train,tile\train\good\181.jpg,640,640
tile,train,tile\train\good\182.jpg,640,640
tile,train,tile\train\good\183.jpg,640,640
tile,train,tile\train\good\184.jpg,640,640
tile,train,tile\train\good\185.jpg,640,640
tile,train,tile\train\good\186.jpg,640,640
tile,train,tile\train\good\187.jpg,640,640
tile,train,tile\train\good\188.jpg,640,640
tile,train,tile\train\good\189.jpg,640,640
tile,train,tile\train\good\190.jpg,640,640
tile,train,tile\train\good\191.jpg,640,640
tile,train,tile\train\good\192.jpg,640,640
tile,train,tile\train\good\193.jpg,640,640
tile,train,tile\train\good\194.jpg,640,640
tile,train,tile\train\good\195.jpg,640,640
tile,train,tile\train\good\196.jpg,640,640
tile,train,tile\train\good\197.jpg,640,640
tile,train,tile\train\good\198.jpg,640,640
tile,train,tile\train\good\199.jpg,640,640
tile,train,tile\train\good\200.jpg,640,640
tile,train,tile\train\good\201.jpg,640,640
tile,train,tile\train\good\202.jpg,640,640
tile,train,tile\train\good\203.jpg,640,640
tile,train,tile\train\good\204.jpg,640,640
tile,train,tile\train\good\205.jpg,640,640
tile,train,tile\train\good\206.jpg,640,640
tile,train,tile\train\good\207.jpg,640,640
tile,train,tile\train\good\208.jpg,640,640
tile,train,tile\train\good\209.jpg,640,640
tile,train,tile\train\good\210.jpg,640,640
tile,train,tile\train\good\211.jpg,640,640
tile,train,tile\train\good\212.jpg,640,640
tile,train,tile\train\good\213.jpg,640,640
tile,train,tile\train\good\214.jpg,640,640
tile,train,tile\train\good\215.jpg,640,640
tile,train,tile\train\good\216.jpg,640,640
tile,train,tile\train\good\217.jpg,640,640
tile,train,tile\train\good\218.jpg,640,640
tile,train,tile\train\good\219.jpg,640,640
tile,train,tile\train\good\220.jpg,640,640
tile,train,tile\train\good\221.jpg,640,640
tile,train,tile\train\good\222.jpg,640,640
tile,train,tile\train\good\223.jpg,640,640
tile,train,tile\train\good\224.jpg,640,640
tile,train,tile\train\good\225.jpg,640,640
tile,train,tile\train\good\226.jpg,640,640
tile,train,tile\train\good\227.jpg,640,640
tile,train,tile\train\good\228.jpg,640,640
tile,train,tile\train\good\229.jpg,640,640
toothbrush,test,toothbrush\test\defective\000.jpg,640,640
toothbrush,test,toothbrush\test\defective\001.jpg,640,640
toothbrush,test,toothbrush\test\defective\002.jpg,640,640
toothbrush,test,toothbrush\test\defective\003.jpg,640,640
toothbrush,test,toothbrush\test\defective\004.jpg,640,640
toothbrush,test,toothbrush\test\defective\005.jpg,640,640
toothbrush,test,toothbrush\test\defective\006.jpg,640,640
toothbrush,test,toothbrush\test\defective\007.jpg,640,640
toothbrush,test,toothbrush\test\defective\008.jpg,640,640
toothbrush,test,toothbrush\test\defective\009.jpg,640,640
toothbrush,test,toothbrush\test\defective\010.jpg,640,640
toothbrush,test,toothbrush\test\defective\011.jpg,640,640
toothbrush,test,toothbrush\test\defective\012.jpg,640,640
toothbrush,test,toothbrush\test\defective\013.jpg,640,640
toothbrush,test,toothbrush\test\defective\014.jpg,640,640
toothbrush,test,toothbrush\test\defective\015.jpg,640,640
toothbrush,test,toothbrush\test\defective\016.jpg,640,640
toothbrush,test,toothbrush\test\defective\017.jpg,640,640
toothbrush,test,toothbrush\test\defective\018.jpg,640,640
toothbrush,test,toothbrush\test\defective\019.jpg,640,640
toothbrush,test,toothbrush\test\defective\020.jpg,640,640
toothbrush,test,toothbrush\test\defective\021.jpg,640,640
toothbrush,test,toothbrush\test\defective\022.jpg,640,640
toothbrush,test,toothbrush\test\defective\023.jpg,640,640
toothbrush,test,toothbrush\test\defective\024.jpg,640,640
toothbrush,test,toothbrush\test\defective\025.jpg,640,640
toothbrush,test,toothbrush\test\defective\026.jpg,640,640
toothbrush,test,toothbrush\test\defective\027.jpg,640,640
toothbrush,test,toothbrush\test\defective\028.jpg,640,640
toothbrush,test,toothbrush\test\defective\029.jpg,640,640
toothbrush,test,toothbrush\test\good\000.jpg,640,640
toothbrush,test,toothbrush\test\good\001.jpg,640,640
toothbrush,test,toothbrush\test\good\002.jpg,640,640
toothbrush,test,toothbrush\test\good\003.jpg,640,640
toothbrush,test,toothbrush\test\good\004.jpg,640,640
toothbrush,test,toothbrush\test\good\005.jpg,640,640
toothbrush,test,toothbrush\test\good\006.jpg,640,640
toothbrush,test,toothbrush\test\good\007.jpg,640,640
toothbrush,test,toothbrush\test\good\008.jpg,640,640
toothbrush,test,toothbrush\test\good\009.jpg,640,640
toothbrush,test,toothbrush\test\good\010.jpg,640,640
toothbrush,test,toothbrush\test\good\011.jpg,640,640
toothbrush,train,toothbrush\train\good\000.jpg,640,640
toothbrush,train,toothbrush\train\good\001.jpg,640,640
toothbrush,train,toothbrush\train\good\002.jpg,640,640
toothbrush,train,toothbrush\train\good\003.jpg,640,640
toothbrush,train,toothbrush\train\good\004.jpg,640,640
toothbrush,train,toothbrush\train\good\005.jpg,640,640
toothbrush,train,toothbrush\train\good\006.jpg,640,640
toothbrush,train,toothbrush\train\good\007.jpg,640,640
toothbrush,train,toothbrush\train\good\008.jpg,640,640
toothbrush,train,toothbrush\train\good\009.jpg,640,640
toothbrush,train,toothbrush\train\good\010.jpg,640,640
toothbrush,train,toothbrush\train\good\011.jpg,640,640
toothbrush,train,toothbrush\train\good\012.jpg,640,640
toothbrush,train,toothbrush\train\good\013.jpg,640,640
toothbrush,train,toothbrush\train\good\014.jpg,640,640
toothbrush,train,toothbrush\train\good\015.jpg,640,640
toothbrush,train,toothbrush\train\good\016.jpg,640,640
toothbrush,train,toothbrush\train\good\017.jpg,640,640
toothbrush,train,toothbrush\train\good\018.jpg,640,640
toothbrush,train,toothbrush\train\good\019.jpg,640,640
toothbrush,train,toothbrush\train\good\020.jpg,640,640
toothbrush,train,toothbrush\train\good\021.jpg,640,640
toothbrush,train,toothbrush\train\good\022.jpg,640,640
toothbrush,train,toothbrush\train\good\023.jpg,640,640
toothbrush,train,toothbrush\train\good\024.jpg,640,640
toothbrush,train,toothbrush\train\good\025.jpg,640,640
toothbrush,train,toothbrush\train\good\026.jpg,640,640
toothbrush,train,toothbrush\train\good\027.jpg,640,640
toothbrush,train,toothbrush\train\good\028.jpg,640,640
toothbrush,train,toothbrush\train\good\029.jpg,640,640
toothbrush,train,toothbrush\train\good\030.jpg,640,640
toothbrush,train,toothbrush\train\good\031.jpg,640,640
toothbrush,train,toothbrush\train\good\032.jpg,640,640
toothbrush,train,toothbrush\train\good\033.jpg,640,640
toothbrush,train,toothbrush\train\good\034.jpg,640,640
toothbrush,train,toothbrush\train\good\035.jpg,640,640
toothbrush,train,toothbrush\train\good\036.jpg,640,640
toothbrush,train,toothbrush\train\good\037.jpg,640,640
toothbrush,train,toothbrush\train\good\038.jpg,640,640
toothbrush,train,toothbrush\train\good\039.jpg,640,640
toothbrush,train,toothbrush\train\good\040.jpg,640,640
toothbrush,train,toothbrush\train\good\041.jpg,640,640
toothbrush,train,toothbrush\train\good\042.jpg,640,640
toothbrush,train,toothbrush\train\good\043.jpg,640,640
toothbrush,train,toothbrush\train\good\044.jpg,640,640
toothbrush,train,toothbrush\train\good\045.jpg,640,640
toothbrush,train,toothbrush\train\good\046.jpg,640,640
toothbrush,train,toothbrush\train\good\047.jpg,640,640
toothbrush,train,toothbrush\train\good\048.jpg,640,640
toothbrush,train,toothbrush\train\good\049.jpg,640,640
toothbrush,train,toothbrush\train\good\050.jpg,640,640
toothbrush,train,toothbrush\train\good\051.jpg,640,640
toothbrush,train,toothbrush\train\good\052.jpg,640,640
toothbrush,train,toothbrush\train\good\053.jpg,640,640
toothbrush,train,toothbrush\train\good\054.jpg,640,640
toothbrush,train,toothbrush\train\good\055.jpg,640,640
toothbrush,train,toothbrush\train\good\056.jpg,640,640
toothbrush,train,toothbrush\train\good\057.jpg,640,640
toothbrush,train,toothbrush\train\good\058.jpg,640,640
toothbrush,train,toothbrush\train\good\059.jpg,640,640
transistor,test,transistor\test\bent_lead\000.jpg,640,640
transistor,test,transistor\test\bent_lead\001.jpg,640,640
transistor,test,transistor\test\bent_lead\002.jpg,640,640
transistor,test,transistor\test\bent_lead\003.jpg,640,640
transistor,test,transistor\test\bent_lead\004.jpg,640,640
transistor,test,transistor\test\bent_lead\005.jpg,640,640
transistor,test,transistor\test\bent_lead\006.jpg,640,640
transistor,test,transistor\test\bent_lead\007.jpg,640,640
transistor,test,transistor\test\bent_lead\008.jpg,640,640
transistor,test,transistor\test\bent_lead\009.jpg,640,640
transistor,test,transistor\test\cut_lead\000.jpg,640,640
transistor,test,transistor\test\cut_lead\001.jpg,640,640
transistor,test,transistor\test\cut_lead\002.jpg,640,640
transistor,test,transistor\test\cut_lead\003.jpg,640,640
transistor,test,transistor\test\cut_lead\004.jpg,640,640
transistor,test,transistor\test\cut_lead\005.jpg,640,640
transistor,test,transistor\test\cut_lead\006.jpg,640,640
transistor,test,transistor\test\cut_lead\007.jpg,640,640
transistor,test,transistor\test\cut_lead\008.jpg,640,640
transistor,test,transistor\test\cut_lead\009.jpg,640,640
transistor,test,transistor\test\damaged_case\000.jpg,640,640
transistor,test,transistor\test\damaged_case\001.jpg,640,640
transistor,test,transistor\test\damaged_case\002.jpg,640,640
transistor,test,transistor\test\damaged_case\003.jpg,640,640
transistor,test,transistor\test\damaged_case\004.jpg,640,640
transistor,test,transistor\test\damaged_case\005.jpg,640,640
transistor,test,transistor\test\damaged_case\006.jpg,640,640
transistor,test,transistor\test\damaged_case\007.jpg,640,640
transistor,test,transistor\test\damaged_case\008.jpg,640,640
transistor,test,transistor\test\damaged_case\009.jpg,640,640
transistor,test,transistor\test\good\000.jpg,640,640
transistor,test,transistor\test\good\001.jpg,640,640
transistor,test,transistor\test\good\002.jpg,640,640
transistor,test,transistor\test\good\003.jpg,640,640
transistor,test,transistor\test\good\004.jpg,640,640
transistor,test,transistor\test\good\005.jpg,640,640
transistor,test,transistor\test\good\006.jpg,640,640
transistor,test,transistor\test\good\007.jpg,640,640
transistor,test,transistor\test\good\008.jpg,640,640
transistor,test,transistor\test\good\009.jpg,640,640
transistor,test,transistor\test\good\010.jpg,640,640
transistor,test,transistor\test\good\011.jpg,640,640
transistor,test,transistor\test\good\012.jpg,640,640
transistor,test,transistor\test\good\013.jpg,640,640
transistor,test,transistor\test\good\014.jpg,640,640
transistor,test,transistor\test\good\015.jpg,640,640
transistor,test,transistor\test\good\016.jpg,640,640
transistor,test,transistor\test\good\017.jpg,640,640
transistor,test,transistor\test\good\018.jpg,640,640
transistor,test,transistor\test\good\019.jpg,640,640
transistor,test,transistor\test\good\020.jpg,640,640
transistor,test,transistor\test\good\021.jpg,640,640
transistor,test,transistor\test\good\022.jpg,640,640
transistor,test,transistor\test\good\023.jpg,640,640
transistor,test,transistor\test\good\024.jpg,640,640
transistor,test,transistor\test\good\025.jpg,640,640
transistor,test,transistor\test\good\026.jpg,640,640
transistor,test,transistor\test\good\027.jpg,640,640
transistor,test,transistor\test\good\028.jpg,640,640
transistor,test,transistor\test\good\029.jpg,640,640
transistor,test,transistor\test\good\030.jpg,640,640
transistor,test,transistor\test\good\031.jpg,640,640
transistor,test,transistor\test\good\032.jpg,640,640
transistor,test,transistor\test\good\033.jpg,640,640
transistor,test,transistor\test\good\034.jpg,640,640
transistor,test,transistor\test\good\035.jpg,640,640
transistor,test,transistor\test\good\036.jpg,640,640
transistor,test,transistor\test\good\037.jpg,640,640
transistor,test,transistor\test\good\038.jpg,640,640
transistor,test,transistor\test\good\039.jpg,640,640
transistor,test,transistor\test\good\040.jpg,640,640
transistor,test,transistor\test\good\041.jpg,640,640
transistor,test,transistor\test\good\042.jpg,640,640
transistor,test,transistor\test\good\043.jpg,640,640
transistor,test,transistor\test\good\044.jpg,640,640
transistor,test,transistor\test\good\045.jpg,640,640
transistor,test,transistor\test\good\046.jpg,640,640
transistor,test,transistor\test\good\047.jpg,640,640
transistor,test,transistor\test\good\048.jpg,640,640
transistor,test,transistor\test\good\049.jpg,640,640
transistor,test,transistor\test\good\050.jpg,640,640
transistor,test,transistor\test\good\051.jpg,640,640
transistor,test,transistor\test\good\052.jpg,640,640
transistor,test,transistor\test\good\053.jpg,640,640
transistor,test,transistor\test\good\054.jpg,640,640
transistor,test,transistor\test\good\055.jpg,640,640
transistor,test,transistor\test\good\056.jpg,640,640
transistor,test,transistor\test\good\057.jpg,640,640
transistor,test,transistor\test\good\058.jpg,640,640
transistor,test,transistor\test\good\059.jpg,640,640
transistor,test,transistor\test\misplaced\000.jpg,640,640
transistor,test,transistor\test\misplaced\001.jpg,640,640
transistor,test,transistor\test\misplaced\002.jpg,640,640
transistor,test,transistor\test\misplaced\003.jpg,640,640
transistor,test,transistor\test\misplaced\004.jpg,640,640
transistor,test,transistor\test\misplaced\005.jpg,640,640
transistor,test,transistor\test\misplaced\006.jpg,640,640
transistor,test,transistor\test\misplaced\007.jpg,640,640
transistor,test,transistor\test\misplaced\008.jpg,640,640
transistor,test,transistor\test\misplaced\009.jpg,640,640
transistor,train,transistor\train\good\000.jpg,640,640
transistor,train,transistor\train\good\001.jpg,640,640
transistor,train,transistor\train\good\002.jpg,640,640
transistor,train,transistor\train\good\003.jpg,640,640
transistor,train,transistor\train\good\004.jpg,640,640
transistor,train,transistor\train\good\005.jpg,640,640
transistor,train,transistor\train\good\006.jpg,640,640
transistor,train,transistor\train\good\007.jpg,640,640
transistor,train,transistor\train\good\008.jpg,640,640
transistor,train,transistor\train\good\009.jpg,640,640
transistor,train,transistor\train\good\010.jpg,640,640
transistor,train,transistor\train\good\011.jpg,640,640
transistor,train,transistor\train\good\012.jpg,640,640
transistor,train,transistor\train\good\013.jpg,640,640
transistor,train,transistor\train\good\014.jpg,640,640
transistor,train,transistor\train\good\015.jpg,640,640
transistor,train,transistor\train\good\016.jpg,640,640
transistor,train,transistor\train\good\017.jpg,640,640
transistor,train,transistor\train\good\018.jpg,640,640
transistor,train,transistor\train\good\019.jpg,640,640
transistor,train,transistor\train\good\020.jpg,640,640
transistor,train,transistor\train\good\021.jpg,640,640
transistor,train,transistor\train\good\022.jpg,640,640
transistor,train,transistor\train\good\023.jpg,640,640
transistor,train,transistor\train\good\024.jpg,640,640
transistor,train,transistor\train\good\025.jpg,640,640
transistor,train,transistor\train\good\026.jpg,640,640
transistor,train,transistor\train\good\027.jpg,640,640
transistor,train,transistor\train\good\028.jpg,640,640
transistor,train,transistor\train\good\029.jpg,640,640
transistor,train,transistor\train\good\030.jpg,640,640
transistor,train,transistor\train\good\031.jpg,640,640
transistor,train,transistor\train\good\032.jpg,640,640
transistor,train,transistor\train\good\033.jpg,640,640
transistor,train,transistor\train\good\034.jpg,640,640
transistor,train,transistor\train\good\035.jpg,640,640
transistor,train,transistor\train\good\036.jpg,640,640
transistor,train,transistor\train\good\037.jpg,640,640
transistor,train,transistor\train\good\038.jpg,640,640
transistor,train,transistor\train\good\039.jpg,640,640
transistor,train,transistor\train\good\040.jpg,640,640
transistor,train,transistor\train\good\041.jpg,640,640
transistor,train,transistor\train\good\042.jpg,640,640
transistor,train,transistor\train\good\043.jpg,640,640
transistor,train,transistor\train\good\044.jpg,640,640
transistor,train,transistor\train\good\045.jpg,640,640
transistor,train,transistor\train\good\046.jpg,640,640
transistor,train,transistor\train\good\047.jpg,640,640
transistor,train,transistor\train\good\048.jpg,640,640
transistor,train,transistor\train\good\049.jpg,640,640
transistor,train,transistor\train\good\050.jpg,640,640
transistor,train,transistor\train\good\051.jpg,640,640
transistor,train,transistor\train\good\052.jpg,640,640
transistor,train,transistor\train\good\053.jpg,640,640
transistor,train,transistor\train\good\054.jpg,640,640
transistor,train,transistor\train\good\055.jpg,640,640
transistor,train,transistor\train\good\056.jpg,640,640
transistor,train,transistor\train\good\057.jpg,640,640
transistor,train,transistor\train\good\058.jpg,640,640
transistor,train,transistor\train\good\059.jpg,640,640
transistor,train,transistor\train\good\060.jpg,640,640
transistor,train,transistor\train\good\061.jpg,640,640
transistor,train,transistor\train\good\062.jpg,640,640
transistor,train,transistor\train\good\063.jpg,640,640
transistor,train,transistor\train\good\064.jpg,640,640
transistor,train,transistor\train\good\065.jpg,640,640
transistor,train,transistor\train\good\066.jpg,640,640
transistor,train,transistor\train\good\067.jpg,640,640
transistor,train,transistor\train\good\068.jpg,640,640
transistor,train,transistor\train\good\069.jpg,640,640
transistor,train,transistor\train\good\070.jpg,640,640
transistor,train,transistor\train\good\071.jpg,640,640
transistor,train,transistor\train\good\072.jpg,640,640
transistor,train,transistor\train\good\073.jpg,640,640
transistor,train,transistor\train\good\074.jpg,640,640
transistor,train,transistor\train\good\075.jpg,640,640
transistor,train,transistor\train\good\076.jpg,640,640
transistor,train,transistor\train\good\077.jpg,640,640
transistor,train,transistor\train\good\078.jpg,640,640
transistor,train,transistor\train\good\079.jpg,640,640
transistor,train,transistor\train\good\080.jpg,640,640
transistor,train,transistor\train\good\081.jpg,640,640
transistor,train,transistor\train\good\082.jpg,640,640
transistor,train,transistor\train\good\083.jpg,640,640
transistor,train,transistor\train\good\084.jpg,640,640
transistor,train,transistor\train\good\085.jpg,640,640
transistor,train,transistor\train\good\086.jpg,640,640
transistor,train,transistor\train\good\087.jpg,640,640
transistor,train,transistor\train\good\088.jpg,640,640
transistor,train,transistor\train\good\089.jpg,640,640
transistor,train,transistor\train\good\090.jpg,640,640
transistor,train,transistor\train\good\091.jpg,640,640
transistor,train,transistor\train\good\092.jpg,640,640
transistor,train,transistor\train\good\093.jpg,640,640
transistor,train,transistor\train\good\094.jpg,640,640
transistor,train,transistor\train\good\095.jpg,640,640
transistor,train,transistor\train\good\096.jpg,640,640
transistor,train,transistor\train\good\097.jpg,640,640
transistor,train,transistor\train\good\098.jpg,640,640
transistor,train,transistor\train\good\099.jpg,640,640
transistor,train,transistor\train\good\100.jpg,640,640
transistor,train,transistor\train\good\101.jpg,640,640
transistor,train,transistor\train\good\102.jpg,640,640
transistor,train,transistor\train\good\103.jpg,640,640
transistor,train,transistor\train\good\104.jpg,640,640
transistor,train,transistor\train\good\105.jpg,640,640
transistor,train,transistor\train\good\106.jpg,640,640
transistor,train,transistor\train\good\107.jpg,640,640
transistor,train,transistor\train\good\108.jpg,640,640
transistor,train,transistor\train\good\109.jpg,640,640
transistor,train,transistor\train\good\110.jpg,640,640
transistor,train,transistor\train\good\111.jpg,640,640
transistor,train,transistor\train\good\112.jpg,640,640
transistor,train,transistor\train\good\113.jpg,640,640
transistor,train,transistor\train\good\114.jpg,640,640
transistor,train,transistor\train\good\115.jpg,640,640
transistor,train,transistor\train\good\116.jpg,640,640
transistor,train,transistor\train\good\117.jpg,640,640
transistor,train,transistor\train\good\118.jpg,640,640
transistor,train,transistor\train\good\119.jpg,640,640
transistor,train,transistor\train\good\120.jpg,640,640
transistor,train,transistor\train\good\121.jpg,640,640
transistor,train,transistor\train\good\122.jpg,640,640
transistor,train,transistor\train\good\123.jpg,640,640
transistor,train,transistor\train\good\124.jpg,640,640
transistor,train,transistor\train\good\125.jpg,640,640
transistor,train,transistor\train\good\126.jpg,640,640
transistor,train,transistor\train\good\127.jpg,640,640
transistor,train,transistor\train\good\128.jpg,640,640
transistor,train,transistor\train\good\129.jpg,640,640
transistor,train,transistor\train\good\130.jpg,640,640
transistor,train,transistor\train\good\131.jpg,640,640
transistor,train,transistor\train\good\132.jpg,640,640
transistor,train,transistor\train\good\133.jpg,640,640
transistor,train,transistor\train\good\134.jpg,640,640
transistor,train,transistor\train\good\135.jpg,640,640
transistor,train,transistor\train\good\136.jpg,640,640
transistor,train,transistor\train\good\137.jpg,640,640
transistor,train,transistor\train\good\138.jpg,640,640
transistor,train,transistor\train\good\139.jpg,640,640
transistor,train,transistor\train\good\140.jpg,640,640
transistor,train,transistor\train\good\141.jpg,640,640
transistor,train,transistor\train\good\142.jpg,640,640
transistor,train,transistor\train\good\143.jpg,640,640
transistor,train,transistor\train\good\144.jpg,640,640
transistor,train,transistor\train\good\145.jpg,640,640
transistor,train,transistor\train\good\146.jpg,640,640
transistor,train,transistor\train\good\147.jpg,640,640
transistor,train,transistor\train\good\148.jpg,640,640
transistor,train,transistor\train\good\149.jpg,640,640
transistor,train,transistor\train\good\150.jpg,640,640
transistor,train,transistor\train\good\151.jpg,640,640
transistor,train,transistor\train\good\152.jpg,640,640
transistor,train,transistor\train\good\153.jpg,640,640
transistor,train,transistor\train\good\154.jpg,640,640
transistor,train,transistor\train\good\155.jpg,640,640
transistor,train,transistor\train\good\156.jpg,640,640
transistor,train,transistor\train\good\157.jpg,640,640
transistor,train,transistor\train\good\158.jpg,640,640
transistor,train,transistor\train\good\159.jpg,640,640
transistor,train,transistor\train\good\160.jpg,640,640
transistor,train,transistor\train\good\161.jpg,640,640
transistor,train,transistor\train\good\162.jpg,640,640
transistor,train,transistor\train\good\163.jpg,640,640
transistor,train,transistor\train\good\164.jpg,640,640
transistor,train,transistor\train\good\165.jpg,640,640
transistor,train,transistor\train\good\166.jpg,640,640
transistor,train,transistor\train\good\167.jpg,640,640
transistor,train,transistor\train\good\168.jpg,640,640
transistor,train,transistor\train\good\169.jpg,640,640
transistor,train,transistor\train\good\170.jpg,640,640
transistor,train,transistor\train\good\171.jpg,640,640
transistor,train,transistor\train\good\172.jpg,640,640
transistor,train,transistor\train\good\173.jpg,640,640
transistor,train,transistor\train\good\174.jpg,640,640
transistor,train,transistor\train\good\175.jpg,640,640
transistor,train,transistor\train\good\176.jpg,640,640
transistor,train,transistor\train\good\177.jpg,640,640
transistor,train,transistor\train\good\178.jpg,640,640
transistor,train,transistor\train\good\179.jpg,640,640
transistor,train,transistor\train\good\180.jpg,640,640
transistor,train,transistor\train\good\181.jpg,640,640
transistor,train,transistor\train\good\182.jpg,640,640
transistor,train,transistor\train\good\183.jpg,640,640
transistor,train,transistor\train\good\184.jpg,640,640
transistor,train,transistor\train\good\185.jpg,640,640
transistor,train,transistor\train\good\186.jpg,640,640
transistor,train,transistor\train\good\187.jpg,640,640
transistor,train,transistor\train\good\188.jpg,640,640
transistor,train,transistor\train\good\189.jpg,640,640
transistor,train,transistor\train\good\190.jpg,640,640
transistor,train,transistor\train\good\191.jpg,640,640
transistor,train,transistor\train\good\192.jpg,640,640
transistor,train,transistor\train\good\193.jpg,640,640
transistor,train,transistor\train\good\194.jpg,640,640
transistor,train,transistor\train\good\195.jpg,640,640
transistor,train,transistor\train\good\196.jpg,640,640
transistor,train,transistor\train\good\197.jpg,640,640
transistor,train,transistor\train\good\198.jpg,640,640
transistor,train,transistor\train\good\199.jpg,640,640
transistor,train,transistor\train\good\200.jpg,640,640
transistor,train,transistor\train\good\201.jpg,640,640
transistor,train,transistor\train\good\202.jpg,640,640
transistor,train,transistor\train\good\203.jpg,640,640
transistor,train,transistor\train\good\204.jpg,640,640
transistor,train,transistor\train\good\205.jpg,640,640
transistor,train,transistor\train\good\206.jpg,640,640
transistor,train,transistor\train\good\207.jpg,640,640
transistor,train,transistor\train\good\208.jpg,640,640
transistor,train,transistor\train\good\209.jpg,640,640
transistor,train,transistor\train\good\210.jpg,640,640
transistor,train,transistor\train\good\211.jpg,640,640
transistor,train,transistor\train\good\212.jpg,640,640
wood,test,wood\test\color\000.jpg,640,640
wood,test,wood\test\color\001.jpg,640,640
wood,test,wood\test\color\002.jpg,640,640
wood,test,wood\test\color\003.jpg,640,640
wood,test,wood\test\color\004.jpg,640,640
wood,test,wood\test\color\005.jpg,640,640
wood,test,wood\test\color\006.jpg,640,640
wood,test,wood\test\color\007.jpg,640,640
wood,test,wood\test\combined\000.jpg,640,640
wood,test,wood\test\combined\001.jpg,640,640
wood,test,wood\test\combined\002.jpg,640,640
wood,test,wood\test\combined\003.jpg,640,640
wood,test,wood\test\combined\004.jpg,640,640
wood,test,wood\test\combined\005.jpg,640,640
wood,test,wood\test\combined\006.jpg,640,640
wood,test,wood\test\combined\007.jpg,640,640
wood,test,wood\test\combined\008.jpg,640,640
wood,test,wood\test\combined\009.jpg,640,640
wood,test,wood\test\combined\010.jpg,640,640
wood,test,wood\test\good\000.jpg,640,640
wood,test,wood\test\good\001.jpg,640,640
wood,test,wood\test\good\002.jpg,640,640
wood,test,wood\test\good\003.jpg,640,640
wood,test,wood\test\good\004.jpg,640,640
wood,test,wood\test\good\005.jpg,640,640
wood,test,wood\test\good\006.jpg,640,640
wood,test,wood\test\good\007.jpg,640,640
wood,test,wood\test\good\008.jpg,640,640
wood,test,wood\test\good\009.jpg,640,640
wood,test,wood\test\good\010.jpg,640,640
wood,test,wood\test\good\011.jpg,640,640
wood,test,wood\test\good\012.jpg,640,640
wood,test,wood\test\good\013.jpg,640,640
wood,test,wood\test\good\014.jpg,640,640
wood,test,wood\test\good\015.jpg,640,640
wood,test,wood\test\good\016.jpg,640,640
wood,test,wood\test\good\017.jpg,640,640
wood,test,wood\test\good\018.jpg,640,640
wood,test,wood\test\hole\000.jpg,640,640
wood,test,wood\test\hole\001.jpg,640,640
wood,test,wood\test\hole\002.jpg,640,640
wood,test,wood\test\hole\003.jpg,640,640
wood,test,wood\test\hole\004.jpg,640,640
wood,test,wood\test\hole\005.jpg,640,640
wood,test,wood\test\hole\006.jpg,640,640
wood,test,wood\test\hole\007.jpg,640,640
wood,test,wood\test\hole\008.jpg,640,640
wood,test,wood\test\hole\009.jpg,640,640
wood,test,wood\test\liquid\000.jpg,640,640
wood,test,wood\test\liquid\001.jpg,640,640
wood,test,wood\test\liquid\002.jpg,640,640
wood,test,wood\test\liquid\003.jpg,640,640
wood,test,wood\test\liquid\004.jpg,640,640
wood,test,wood\test\liquid\005.jpg,640,640
wood,test,wood\test\liquid\006.jpg,640,640
wood,test,wood\test\liquid\007.jpg,640,640
wood,test,wood\test\liquid\008.jpg,640,640
wood,test,wood\test\liquid\009.jpg,640,640
wood,test,wood\test\scratch\000.jpg,640,640
wood,test,wood\test\scratch\001.jpg,640,640
wood,test,wood\test\scratch\002.jpg,640,640
wood,test,wood\test\scratch\003.jpg,640,640
wood,test,wood\test\scratch\004.jpg,640,640
wood,test,wood\test\scratch\005.jpg,640,640
wood,test,wood\test\scratch\006.jpg,640,640
wood,test,wood\test\scratch\007.jpg,640,640
wood,test,wood\test\scratch\008.jpg,640,640
wood,test,wood\test\scratch\009.jpg,640,640
wood,test,wood\test\scratch\010.jpg,640,640
wood,test,wood\test\scratch\011.jpg,640,640
wood,test,wood\test\scratch\012.jpg,640,640
wood,test,wood\test\scratch\013.jpg,640,640
wood,test,wood\test\scratch\014.jpg,640,640
wood,test,wood\test\scratch\015.jpg,640,640
wood,test,wood\test\scratch\016.jpg,640,640
wood,test,wood\test\scratch\017.jpg,640,640
wood,test,wood\test\scratch\018.jpg,640,640
wood,test,wood\test\scratch\019.jpg,640,640
wood,test,wood\test\scratch\020.jpg,640,640
wood,train,wood\train\good\000.jpg,640,640
wood,train,wood\train\good\001.jpg,640,640
wood,train,wood\train\good\002.jpg,640,640
wood,train,wood\train\good\003.jpg,640,640
wood,train,wood\train\good\004.jpg,640,640
wood,train,wood\train\good\005.jpg,640,640
wood,train,wood\train\good\006.jpg,640,640
wood,train,wood\train\good\007.jpg,640,640
wood,train,wood\train\good\008.jpg,640,640
wood,train,wood\train\good\009.jpg,640,640
wood,train,wood\train\good\010.jpg,640,640
wood,train,wood\train\good\011.jpg,640,640
wood,train,wood\train\good\012.jpg,640,640
wood,train,wood\train\good\013.jpg,640,640
wood,train,wood\train\good\014.jpg,640,640
wood,train,wood\train\good\015.jpg,640,640
wood,train,wood\train\good\016.jpg,640,640
wood,train,wood\train\good\017.jpg,640,640
wood,train,wood\train\good\018.jpg,640,640
wood,train,wood\train\good\019.jpg,640,640
wood,train,wood\train\good\020.jpg,640,640
wood,train,wood\train\good\021.jpg,640,640
wood,train,wood\train\good\022.jpg,640,640
wood,train,wood\train\good\023.jpg,640,640
wood,train,wood\train\good\024.jpg,640,640
wood,train,wood\train\good\025.jpg,640,640
wood,train,wood\train\good\026.jpg,640,640
wood,train,wood\train\good\027.jpg,640,640
wood,train,wood\train\good\028.jpg,640,640
wood,train,wood\train\good\029.jpg,640,640
wood,train,wood\train\good\030.jpg,640,640
wood,train,wood\train\good\031.jpg,640,640
wood,train,wood\train\good\032.jpg,640,640
wood,train,wood\train\good\033.jpg,640,640
wood,train,wood\train\good\034.jpg,640,640
wood,train,wood\train\good\035.jpg,640,640
wood,train,wood\train\good\036.jpg,640,640
wood,train,wood\train\good\037.jpg,640,640
wood,train,wood\train\good\038.jpg,640,640
wood,train,wood\train\good\039.jpg,640,640
wood,train,wood\train\good\040.jpg,640,640
wood,train,wood\train\good\041.jpg,640,640
wood,train,wood\train\good\042.jpg,640,640
wood,train,wood\train\good\043.jpg,640,640
wood,train,wood\train\good\044.jpg,640,640
wood,train,wood\train\good\045.jpg,640,640
wood,train,wood\train\good\046.jpg,640,640
wood,train,wood\train\good\047.jpg,640,640
wood,train,wood\train\good\048.jpg,640,640
wood,train,wood\train\good\049.jpg,640,640
wood,train,wood\train\good\050.jpg,640,640
wood,train,wood\train\good\051.jpg,640,640
wood,train,wood\train\good\052.jpg,640,640
wood,train,wood\train\good\053.jpg,640,640
wood,train,wood\train\good\054.jpg,640,640
wood,train,wood\train\good\055.jpg,640,640
wood,train,wood\train\good\056.jpg,640,640
wood,train,wood\train\good\057.jpg,640,640
wood,train,wood\train\good\058.jpg,640,640
wood,train,wood\train\good\059.jpg,640,640
wood,train,wood\train\good\060.jpg,640,640
wood,train,wood\train\good\061.jpg,640,640
wood,train,wood\train\good\062.jpg,640,640
wood,train,wood\train\good\063.jpg,640,640
wood,train,wood\train\good\064.jpg,640,640
wood,train,wood\train\good\065.jpg,640,640
wood,train,wood\train\good\066.jpg,640,640
wood,train,wood\train\good\067.jpg,640,640
wood,train,wood\train\good\068.jpg,640,640
wood,train,wood\train\good\069.jpg,640,640
wood,train,wood\train\good\070.jpg,640,640
wood,train,wood\train\good\071.jpg,640,640
wood,train,wood\train\good\072.jpg,640,640
wood,train,wood\train\good\073.jpg,640,640
wood,train,wood\train\good\074.jpg,640,640
wood,train,wood\train\good\075.jpg,640,640
wood,train,wood\train\good\076.jpg,640,640
wood,train,wood\train\good\077.jpg,640,640
wood,train,wood\train\good\078.jpg,640,640
wood,train,wood\train\good\079.jpg,640,640
wood,train,wood\train\good\080.jpg,640,640
wood,train,wood\train\good\081.jpg,640,640
wood,train,wood\train\good\082.jpg,640,640
wood,train,wood\train\good\083.jpg,640,640
wood,train,wood\train\good\084.jpg,640,640
wood,train,wood\train\good\085.jpg,640,640
wood,train,wood\train\good\086.jpg,640,640
wood,train,wood\train\good\087.jpg,640,640
wood,train,wood\train\good\088.jpg,640,640
wood,train,wood\train\good\089.jpg,640,640
wood,train,wood\train\good\090.jpg,640,640
wood,train,wood\train\good\091.jpg,640,640
wood,train,wood\train\good\092.jpg,640,640
wood,train,wood\train\good\093.jpg,640,640
wood,train,wood\train\good\094.jpg,640,640
wood,train,wood\train\good\095.jpg,640,640
wood,train,wood\train\good\096.jpg,640,640
wood,train,wood\train\good\097.jpg,640,640
wood,train,wood\train\good\098.jpg,640,640
wood,train,wood\train\good\099.jpg,640,640
wood,train,wood\train\good\100.jpg,640,640
wood,train,wood\train\good\101.jpg,640,640
wood,train,wood\train\good\102.jpg,640,640
wood,train,wood\train\good\103.jpg,640,640
wood,train,wood\train\good\104.jpg,640,640
wood,train,wood\train\good\105.jpg,640,640
wood,train,wood\train\good\106.jpg,640,640
wood,train,wood\train\good\107.jpg,640,640
wood,train,wood\train\good\108.jpg,640,640
wood,train,wood\train\good\109.jpg,640,640
wood,train,wood\train\good\110.jpg,640,640
wood,train,wood\train\good\111.jpg,640,640
wood,train,wood\train\good\112.jpg,640,640
wood,train,wood\train\good\113.jpg,640,640
wood,train,wood\train\good\114.jpg,640,640
wood,train,wood\train\good\115.jpg,640,640
wood,train,wood\train\good\116.jpg,640,640
wood,train,wood\train\good\117.jpg,640,640
wood,train,wood\train\good\118.jpg,640,640
wood,train,wood\train\good\119.jpg,640,640
wood,train,wood\train\good\120.jpg,640,640
wood,train,wood\train\good\121.jpg,640,640
wood,train,wood\train\good\122.jpg,640,640
wood,train,wood\train\good\123.jpg,640,640
wood,train,wood\train\good\124.jpg,640,640
wood,train,wood\train\good\125.jpg,640,640
wood,train,wood\train\good\126.jpg,640,640
wood,train,wood\train\good\127.jpg,640,640
wood,train,wood\train\good\128.jpg,640,640
wood,train,wood\train\good\129.jpg,640,640
wood,train,wood\train\good\130.jpg,640,640
wood,train,wood\train\good\131.jpg,640,640
wood,train,wood\train\good\132.jpg,640,640
wood,train,wood\train\good\133.jpg,640,640
wood,train,wood\train\good\134.jpg,640,640
wood,train,wood\train\good\135.jpg,640,640
wood,train,wood\train\good\136.jpg,640,640
wood,train,wood\train\good\137.jpg,640,640
wood,train,wood\train\good\138.jpg,640,640
wood,train,wood\train\good\139.jpg,640,640
wood,train,wood\train\good\140.jpg,640,640
wood,train,wood\train\good\141.jpg,640,640
wood,train,wood\train\good\142.jpg,640,640
wood,train,wood\train\good\143.jpg,640,640
wood,train,wood\train\good\144.jpg,640,640
wood,train,wood\train\good\145.jpg,640,640
wood,train,wood\train\good\146.jpg,640,640
wood,train,wood\train\good\147.jpg,640,640
wood,train,wood\train\good\148.jpg,640,640
wood,train,wood\train\good\149.jpg,640,640
wood,train,wood\train\good\150.jpg,640,640
wood,train,wood\train\good\151.jpg,640,640
wood,train,wood\train\good\152.jpg,640,640
wood,train,wood\train\good\153.jpg,640,640
wood,train,wood\train\good\154.jpg,640,640
wood,train,wood\train\good\155.jpg,640,640
wood,train,wood\train\good\156.jpg,640,640
wood,train,wood\train\good\157.jpg,640,640
wood,train,wood\train\good\158.jpg,640,640
wood,train,wood\train\good\159.jpg,640,640
wood,train,wood\train\good\160.jpg,640,640
wood,train,wood\train\good\161.jpg,640,640
wood,train,wood\train\good\162.jpg,640,640
wood,train,wood\train\good\163.jpg,640,640
wood,train,wood\train\good\164.jpg,640,640
wood,train,wood\train\good\165.jpg,640,640
wood,train,wood\train\good\166.jpg,640,640
wood,train,wood\train\good\167.jpg,640,640
wood,train,wood\train\good\168.jpg,640,640
wood,train,wood\train\good\169.jpg,640,640
wood,train,wood\train\good\170.jpg,640,640
wood,train,wood\train\good\171.jpg,640,640
wood,train,wood\train\good\172.jpg,640,640
wood,train,wood\train\good\173.jpg,640,640
wood,train,wood\train\good\174.jpg,640,640
wood,train,wood\train\good\175.jpg,640,640
wood,train,wood\train\good\176.jpg,640,640
wood,train,wood\train\good\177.jpg,640,640
wood,train,wood\train\good\178.jpg,640,640
wood,train,wood\train\good\179.jpg,640,640
wood,train,wood\train\good\180.jpg,640,640
wood,train,wood\train\good\181.jpg,640,640
wood,train,wood\train\good\182.jpg,640,640
wood,train,wood\train\good\183.jpg,640,640
wood,train,wood\train\good\184.jpg,640,640
wood,train,wood\train\good\185.jpg,640,640
wood,train,wood\train\good\186.jpg,640,640
wood,train,wood\train\good\187.jpg,640,640
wood,train,wood\train\good\188.jpg,640,640
wood,train,wood\train\good\189.jpg,640,640
wood,train,wood\train\good\190.jpg,640,640
wood,train,wood\train\good\191.jpg,640,640
wood,train,wood\train\good\192.jpg,640,640
wood,train,wood\train\good\193.jpg,640,640
wood,train,wood\train\good\194.jpg,640,640
wood,train,wood\train\good\195.jpg,640,640
wood,train,wood\train\good\196.jpg,640,640
wood,train,wood\train\good\197.jpg,640,640
wood,train,wood\train\good\198.jpg,640,640
wood,train,wood\train\good\199.jpg,640,640
wood,train,wood\train\good\200.jpg,640,640
wood,train,wood\train\good\201.jpg,640,640
wood,train,wood\train\good\202.jpg,640,640
wood,train,wood\train\good\203.jpg,640,640
wood,train,wood\train\good\204.jpg,640,640
wood,train,wood\train\good\205.jpg,640,640
wood,train,wood\train\good\206.jpg,640,640
wood,train,wood\train\good\207.jpg,640,640
wood,train,wood\train\good\208.jpg,640,640
wood,train,wood\train\good\209.jpg,640,640
wood,train,wood\train\good\210.jpg,640,640
wood,train,wood\train\good\211.jpg,640,640
wood,train,wood\train\good\212.jpg,640,640
wood,train,wood\train\good\213.jpg,640,640
wood,train,wood\train\good\214.jpg,640,640
wood,train,wood\train\good\215.jpg,640,640
wood,train,wood\train\good\216.jpg,640,640
wood,train,wood\train\good\217.jpg,640,640
wood,train,wood\train\good\218.jpg,640,640
wood,train,wood\train\good\219.jpg,640,640
wood,train,wood\train\good\220.jpg,640,640
wood,train,wood\train\good\221.jpg,640,640
wood,train,wood\train\good\222.jpg,640,640
wood,train,wood\train\good\223.jpg,640,640
wood,train,wood\train\good\224.jpg,640,640
wood,train,wood\train\good\225.jpg,640,640
wood,train,wood\train\good\226.jpg,640,640
wood,train,wood\train\good\227.jpg,640,640
wood,train,wood\train\good\228.jpg,640,640
wood,train,wood\train\good\229.jpg,640,640
wood,train,wood\train\good\230.jpg,640,640
wood,train,wood\train\good\231.jpg,640,640
wood,train,wood\train\good\232.jpg,640,640
wood,train,wood\train\good\233.jpg,640,640
wood,train,wood\train\good\234.jpg,640,640
wood,train,wood\train\good\235.jpg,640,640
wood,train,wood\train\good\236.jpg,640,640
wood,train,wood\train\good\237.jpg,640,640
wood,train,wood\train\good\238.jpg,640,640
wood,train,wood\train\good\239.jpg,640,640
wood,train,wood\train\good\240.jpg,640,640
wood,train,wood\train\good\241.jpg,640,640
wood,train,wood\train\good\242.jpg,640,640
wood,train,wood\train\good\243.jpg,640,640
wood,train,wood\train\good\244.jpg,640,640
wood,train,wood\train\good\245.jpg,640,640
wood,train,wood\train\good\246.jpg,640,640
zipper,test,zipper\test\broken_teeth\000.jpg,640,640
zipper,test,zipper\test\broken_teeth\001.jpg,640,640
zipper,test,zipper\test\broken_teeth\002.jpg,640,640
zipper,test,zipper\test\broken_teeth\003.jpg,640,640
zipper,test,zipper\test\broken_teeth\004.jpg,640,640
zipper,test,zipper\test\broken_teeth\005.jpg,640,640
zipper,test,zipper\test\broken_teeth\006.jpg,640,640
zipper,test,zipper\test\broken_teeth\007.jpg,640,640
zipper,test,zipper\test\broken_teeth\008.jpg,640,640
zipper,test,zipper\test\broken_teeth\009.jpg,640,640
zipper,test,zipper\test\broken_teeth\010.jpg,640,640
zipper,test,zipper\test\broken_teeth\011.jpg,640,640
zipper,test,zipper\test\broken_teeth\012.jpg,640,640
zipper,test,zipper\test\broken_teeth\013.jpg,640,640
zipper,test,zipper\test\broken_teeth\014.jpg,640,640
zipper,test,zipper\test\broken_teeth\015.jpg,640,640
zipper,test,zipper\test\broken_teeth\016.jpg,640,640
zipper,test,zipper\test\broken_teeth\017.jpg,640,640
zipper,test,zipper\test\broken_teeth\018.jpg,640,640
zipper,test,zipper\test\combined\000.jpg,640,640
zipper,test,zipper\test\combined\001.jpg,640,640
zipper,test,zipper\test\combined\002.jpg,640,640
zipper,test,zipper\test\combined\003.jpg,640,640
zipper,test,zipper\test\combined\004.jpg,640,640
zipper,test,zipper\test\combined\005.jpg,640,640
zipper,test,zipper\test\combined\006.jpg,640,640
zipper,test,zipper\test\combined\007.jpg,640,640
zipper,test,zipper\test\combined\008.jpg,640,640
zipper,test,zipper\test\combined\009.jpg,640,640
zipper,test,zipper\test\combined\010.jpg,640,640
zipper,test,zipper\test\combined\011.jpg,640,640
zipper,test,zipper\test\combined\012.jpg,640,640
zipper,test,zipper\test\combined\013.jpg,640,640
zipper,test,zipper\test\combined\014.jpg,640,640
zipper,test,zipper\test\combined\015.jpg,640,640
zipper,test,zipper\test\fabric_border\000.jpg,640,640
zipper,test,zipper\test\fabric_border\001.jpg,640,640
zipper,test,zipper\test\fabric_border\002.jpg,640,640
zipper,test,zipper\test\fabric_border\003.jpg,640,640
zipper,test,zipper\test\fabric_border\004.jpg,640,640
zipper,test,zipper\test\fabric_border\005.jpg,640,640
zipper,test,zipper\test\fabric_border\006.jpg,640,640
zipper,test,zipper\test\fabric_border\007.jpg,640,640
zipper,test,zipper\test\fabric_border\008.jpg,640,640
zipper,test,zipper\test\fabric_border\009.jpg,640,640
zipper,test,zipper\test\fabric_border\010.jpg,640,640
zipper,test,zipper\test\fabric_border\011.jpg,640,640
zipper,test,zipper\test\fabric_border\012.jpg,640,640
zipper,test,zipper\test\fabric_border\013.jpg,640,640
zipper,test,zipper\test\fabric_border\014.jpg,640,640
zipper,test,zipper\test\fabric_border\015.jpg,640,640
zipper,test,zipper\test\fabric_border\016.jpg,640,640
zipper,test,zipper\test\fabric_interior\000.jpg,640,640
zipper,test,zipper\test\fabric_interior\001.jpg,640,640
zipper,test,zipper\test\fabric_interior\002.jpg,640,640
zipper,test,zipper\test\fabric_interior\003.jpg,640,640
zipper,test,zipper\test\fabric_interior\004.jpg,640,640
zipper,test,zipper\test\fabric_interior\005.jpg,640,640
zipper,test,zipper\test\fabric_interior\006.jpg,640,640
zipper,test,zipper\test\fabric_interior\007.jpg,640,640
zipper,test,zipper\test\fabric_interior\008.jpg,640,640
zipper,test,zipper\test\fabric_interior\009.jpg,640,640
zipper,test,zipper\test\fabric_interior\010.jpg,640,640
zipper,test,zipper\test\fabric_interior\011.jpg,640,640
zipper,test,zipper\test\fabric_interior\012.jpg,640,640
zipper,test,zipper\test\fabric_interior\013.jpg,640,640
zipper,test,zipper\test\fabric_interior\014.jpg,640,640
zipper,test,zipper\test\fabric_interior\015.jpg,640,640
zipper,test,zipper\test\good\000.jpg,640,640
zipper,test,zipper\test\good\001.jpg,640,640
zipper,test,zipper\test\good\002.jpg,640,640
zipper,test,zipper\test\good\003.jpg,640,640
zipper,test,zipper\test\good\004.jpg,640,640
zipper,test,zipper\test\good\005.jpg,640,640
zipper,test,zipper\test\good\006.jpg,640,640
zipper,test,zipper\test\good\007.jpg,640,640
zipper,test,zipper\test\good\008.jpg,640,640
zipper,test,zipper\test\good\009.jpg,640,640
zipper,test,zipper\test\good\010.jpg,640,640
zipper,test,zipper\test\good\011.jpg,640,640
zipper,test,zipper\test\good\012.jpg,640,640
zipper,test,zipper\test\good\013.jpg,640,640
zipper,test,zipper\test\good\014.jpg,640,640
zipper,test,zipper\test\good\015.jpg,640,640
zipper,test,zipper\test\good\016.jpg,640,640
zipper,test,zipper\test\good\017.jpg,640,640
zipper,test,zipper\test\good\018.jpg,640,640
zipper,test,zipper\test\good\019.jpg,640,640
zipper,test,zipper\test\good\020.jpg,640,640
zipper,test,zipper\test\good\021.jpg,640,640
zipper,test,zipper\test\good\022.jpg,640,640
zipper,test,zipper\test\good\023.jpg,640,640
zipper,test,zipper\test\good\024.jpg,640,640
zipper,test,zipper\test\good\025.jpg,640,640
zipper,test,zipper\test\good\026.jpg,640,640
zipper,test,zipper\test\good\027.jpg,640,640
zipper,test,zipper\test\good\028.jpg,640,640
zipper,test,zipper\test\good\029.jpg,640,640
zipper,test,zipper\test\good\030.jpg,640,640
zipper,test,zipper\test\good\031.jpg,640,640
zipper,test,zipper\test\rough\000.jpg,640,640
zipper,test,zipper\test\rough\001.jpg,640,640
zipper,test,zipper\test\rough\002.jpg,640,640
zipper,test,zipper\test\rough\003.jpg,640,640
zipper,test,zipper\test\rough\004.jpg,640,640
zipper,test,zipper\test\rough\005.jpg,640,640
zipper,test,zipper\test\rough\006.jpg,640,640
zipper,test,zipper\test\rough\007.jpg,640,640
zipper,test,zipper\test\rough\008.jpg,640,640
zipper,test,zipper\test\rough\009.jpg,640,640
zipper,test,zipper\test\rough\010.jpg,640,640
zipper,test,zipper\test\rough\011.jpg,640,640
zipper,test,zipper\test\rough\012.jpg,640,640
zipper,test,zipper\test\rough\013.jpg,640,640
zipper,test,zipper\test\rough\014.jpg,640,640
zipper,test,zipper\test\rough\015.jpg,640,640
zipper,test,zipper\test\rough\016.jpg,640,640
zipper,test,zipper\test\split_teeth\000.jpg,640,640
zipper,test,zipper\test\split_teeth\001.jpg,640,640
zipper,test,zipper\test\split_teeth\002.jpg,640,640
zipper,test,zipper\test\split_teeth\003.jpg,640,640
zipper,test,zipper\test\split_teeth\004.jpg,640,640
zipper,test,zipper\test\split_teeth\005.jpg,640,640
zipper,test,zipper\test\split_teeth\006.jpg,640,640
zipper,test,zipper\test\split_teeth\007.jpg,640,640
zipper,test,zipper\test\split_teeth\008.jpg,640,640
zipper,test,zipper\test\split_teeth\009.jpg,640,640
zipper,test,zipper\test\split_teeth\010.jpg,640,640
zipper,test,zipper\test\split_teeth\011.jpg,640,640
zipper,test,zipper\test\split_teeth\012.jpg,640,640
zipper,test,zipper\test\split_teeth\013.jpg,640,640
zipper,test,zipper\test\split_teeth\014.jpg,640,640
zipper,test,zipper\test\split_teeth\015.jpg,640,640
zipper,test,zipper\test\split_teeth\016.jpg,640,640
zipper,test,zipper\test\split_teeth\017.jpg,640,640
zipper,test,zipper\test\squeezed_teeth\000.jpg,640,640
zipper,test,zipper\test\squeezed_teeth\001.jpg,640,640
zipper,test,zipper\test\squeezed_teeth\002.jpg,640,640
zipper,test,zipper\test\squeezed_teeth\003.jpg,640,640
zipper,test,zipper\test\squeezed_teeth\004.jpg,640,640
zipper,test,zipper\test\squeezed_teeth\005.jpg,640,640
zipper,test,zipper\test\squeezed_teeth\006.jpg,640,640
zipper,test,zipper\test\squeezed_teeth\007.jpg,640,640
zipper,test,zipper\test\squeezed_teeth\008.jpg,640,640
zipper,test,zipper\test\squeezed_teeth\009.jpg,640,640
zipper,test,zipper\test\squeezed_teeth\010.jpg,640,640
zipper,test,zipper\test\squeezed_teeth\011.jpg,640,640
zipper,test,zipper\test\squeezed_teeth\012.jpg,640,640
zipper,test,zipper\test\squeezed_teeth\013.jpg,640,640
zipper,test,zipper\test\squeezed_teeth\014.jpg,640,640
zipper,test,zipper\test\squeezed_teeth\015.jpg,640,640
zipper,train,zipper\train\good\000.jpg,640,640
zipper,train,zipper\train\good\001.jpg,640,640
zipper,train,zipper\train\good\002.jpg,640,640
zipper,train,zipper\train\good\003.jpg,640,640
zipper,train,zipper\train\good\004.jpg,640,640
zipper,train,zipper\train\good\005.jpg,640,640
zipper,train,zipper\train\good\006.jpg,640,640
zipper,train,zipper\train\good\007.jpg,640,640
zipper,train,zipper\train\good\008.jpg,640,640
zipper,train,zipper\train\good\009.jpg,640,640
zipper,train,zipper\train\good\010.jpg,640,640
zipper,train,zipper\train\good\011.jpg,640,640
zipper,train,zipper\train\good\012.jpg,640,640
zipper,train,zipper\train\good\013.jpg,640,640
zipper,train,zipper\train\good\014.jpg,640,640
zipper,train,zipper\train\good\015.jpg,640,640
zipper,train,zipper\train\good\016.jpg,640,640
zipper,train,zipper\train\good\017.jpg,640,640
zipper,train,zipper\train\good\018.jpg,640,640
zipper,train,zipper\train\good\019.jpg,640,640
zipper,train,zipper\train\good\020.jpg,640,640
zipper,train,zipper\train\good\021.jpg,640,640
zipper,train,zipper\train\good\022.jpg,640,640
zipper,train,zipper\train\good\023.jpg,640,640
zipper,train,zipper\train\good\024.jpg,640,640
zipper,train,zipper\train\good\025.jpg,640,640
zipper,train,zipper\train\good\026.jpg,640,640
zipper,train,zipper\train\good\027.jpg,640,640
zipper,train,zipper\train\good\028.jpg,640,640
zipper,train,zipper\train\good\029.jpg,640,640
zipper,train,zipper\train\good\030.jpg,640,640
zipper,train,zipper\train\good\031.jpg,640,640
zipper,train,zipper\train\good\032.jpg,640,640
zipper,train,zipper\train\good\033.jpg,640,640
zipper,train,zipper\train\good\034.jpg,640,640
zipper,train,zipper\train\good\035.jpg,640,640
zipper,train,zipper\train\good\036.jpg,640,640
zipper,train,zipper\train\good\037.jpg,640,640
zipper,train,zipper\train\good\038.jpg,640,640
zipper,train,zipper\train\good\039.jpg,640,640
zipper,train,zipper\train\good\040.jpg,640,640
zipper,train,zipper\train\good\041.jpg,640,640
zipper,train,zipper\train\good\042.jpg,640,640
zipper,train,zipper\train\good\043.jpg,640,640
zipper,train,zipper\train\good\044.jpg,640,640
zipper,train,zipper\train\good\045.jpg,640,640
zipper,train,zipper\train\good\046.jpg,640,640
zipper,train,zipper\train\good\047.jpg,640,640
zipper,train,zipper\train\good\048.jpg,640,640
zipper,train,zipper\train\good\049.jpg,640,640
zipper,train,zipper\train\good\050.jpg,640,640
zipper,train,zipper\train\good\051.jpg,640,640
zipper,train,zipper\train\good\052.jpg,640,640
zipper,train,zipper\train\good\053.jpg,640,640
zipper,train,zipper\train\good\054.jpg,640,640
zipper,train,zipper\train\good\055.jpg,640,640
zipper,train,zipper\train\good\056.jpg,640,640
zipper,train,zipper\train\good\057.jpg,640,640
zipper,train,zipper\train\good\058.jpg,640,640
zipper,train,zipper\train\good\059.jpg,640,640
zipper,train,zipper\train\good\060.jpg,640,640
zipper,train,zipper\train\good\061.jpg,640,640
zipper,train,zipper\train\good\062.jpg,640,640
zipper,train,zipper\train\good\063.jpg,640,640
zipper,train,zipper\train\good\064.jpg,640,640
zipper,train,zipper\train\good\065.jpg,640,640
zipper,train,zipper\train\good\066.jpg,640,640
zipper,train,zipper\train\good\067.jpg,640,640
zipper,train,zipper\train\good\068.jpg,640,640
zipper,train,zipper\train\good\069.jpg,640,640
zipper,train,zipper\train\good\070.jpg,640,640
zipper,train,zipper\train\good\071.jpg,640,640
zipper,train,zipper\train\good\072.jpg,640,640
zipper,train,zipper\train\good\073.jpg,640,640
zipper,train,zipper\train\good\074.jpg,640,640
zipper,train,zipper\train\good\075.jpg,640,640
zipper,train,zipper\train\good\076.jpg,640,640
zipper,train,zipper\train\good\077.jpg,640,640
zipper,train,zipper\train\good\078.jpg,640,640
zipper,train,zipper\train\good\079.jpg,640,640
zipper,train,zipper\train\good\080.jpg,640,640
zipper,train,zipper\train\good\081.jpg,640,640
zipper,train,zipper\train\good\082.jpg,640,640
zipper,train,zipper\train\good\083.jpg,640,640
zipper,train,zipper\train\good\084.jpg,640,640
zipper,train,zipper\train\good\085.jpg,640,640
zipper,train,zipper\train\good\086.jpg,640,640
zipper,train,zipper\train\good\087.jpg,640,640
zipper,train,zipper\train\good\088.jpg,640,640
zipper,train,zipper\train\good\089.jpg,640,640
zipper,train,zipper\train\good\090.jpg,640,640
zipper,train,zipper\train\good\091.jpg,640,640
zipper,train,zipper\train\good\092.jpg,640,640
zipper,train,zipper\train\good\093.jpg,640,640
zipper,train,zipper\train\good\094.jpg,640,640
zipper,train,zipper\train\good\095.jpg,640,640
zipper,train,zipper\train\good\096.jpg,640,640
zipper,train,zipper\train\good\097.jpg,640,640
zipper,train,zipper\train\good\098.jpg,640,640
zipper,train,zipper\train\good\099.jpg,640,640
zipper,train,zipper\train\good\100.jpg,640,640
zipper,train,zipper\train\good\101.jpg,640,640
zipper,train,zipper\train\good\102.jpg,640,640
zipper,train,zipper\train\good\103.jpg,640,640
zipper,train,zipper\train\good\104.jpg,640,640
zipper,train,zipper\train\good\105.jpg,640,640
zipper,train,zipper\train\good\106.jpg,640,640
zipper,train,zipper\train\good\107.jpg,640,640
zipper,train,zipper\train\good\108.jpg,640,640
zipper,train,zipper\train\good\109.jpg,640,640
zipper,train,zipper\train\good\110.jpg,640,640
zipper,train,zipper\train\good\111.jpg,640,640
zipper,train,zipper\train\good\112.jpg,640,640
zipper,train,zipper\train\good\113.jpg,640,640
zipper,train,zipper\train\good\114.jpg,640,640
zipper,train,zipper\train\good\115.jpg,640,640
zipper,train,zipper\train\good\116.jpg,640,640
zipper,train,zipper\train\good\117.jpg,640,640
zipper,train,zipper\train\good\118.jpg,640,640
zipper,train,zipper\train\good\119.jpg,640,640
zipper,train,zipper\train\good\120.jpg,640,640
zipper,train,zipper\train\good\121.jpg,640,640
zipper,train,zipper\train\good\122.jpg,640,640
zipper,train,zipper\train\good\123.jpg,640,640
zipper,train,zipper\train\good\124.jpg,640,640
zipper,train,zipper\train\good\125.jpg,640,640
zipper,train,zipper\train\good\126.jpg,640,640
zipper,train,zipper\train\good\127.jpg,640,640
zipper,train,zipper\train\good\128.jpg,640,640
zipper,train,zipper\train\good\129.jpg,640,640
zipper,train,zipper\train\good\130.jpg,640,640
zipper,train,zipper\train\good\131.jpg,640,640
zipper,train,zipper\train\good\132.jpg,640,640
zipper,train,zipper\train\good\133.jpg,640,640
zipper,train,zipper\train\good\134.jpg,640,640
zipper,train,zipper\train\good\135.jpg,640,640
zipper,train,zipper\train\good\136.jpg,640,640
zipper,train,zipper\train\good\137.jpg,640,640
zipper,train,zipper\train\good\138.jpg,640,640
zipper,train,zipper\train\good\139.jpg,640,640
zipper,train,zipper\train\good\140.jpg,640,640
zipper,train,zipper\train\good\141.jpg,640,640
zipper,train,zipper\train\good\142.jpg,640,640
zipper,train,zipper\train\good\143.jpg,640,640
zipper,train,zipper\train\good\144.jpg,640,640
zipper,train,zipper\train\good\145.jpg,640,640
zipper,train,zipper\train\good\146.jpg,640,640
zipper,train,zipper\train\good\147.jpg,640,640
zipper,train,zipper\train\good\148.jpg,640,640
zipper,train,zipper\train\good\149.jpg,640,640
zipper,train,zipper\train\good\150.jpg,640,640
zipper,train,zipper\train\good\151.jpg,640,640
zipper,train,zipper\train\good\152.jpg,640,640
zipper,train,zipper\train\good\153.jpg,640,640
zipper,train,zipper\train\good\154.jpg,640,640
zipper,train,zipper\train\good\155.jpg,640,640
zipper,train,zipper\train\good\156.jpg,640,640
zipper,train,zipper\train\good\157.jpg,640,640
zipper,train,zipper\train\good\158.jpg,640,640
zipper,train,zipper\train\good\159.jpg,640,640
zipper,train,zipper\train\good\160.jpg,640,640
zipper,train,zipper\train\good\161.jpg,640,640
zipper,train,zipper\train\good\162.jpg,640,640
zipper,train,zipper\train\good\163.jpg,640,640
zipper,train,zipper\train\good\164.jpg,640,640
zipper,train,zipper\train\good\165.jpg,640,640
zipper,train,zipper\train\good\166.jpg,640,640
zipper,train,zipper\train\good\167.jpg,640,640
zipper,train,zipper\train\good\168.jpg,640,640
zipper,train,zipper\train\good\169.jpg,640,640
zipper,train,zipper\train\good\170.jpg,640,640
zipper,train,zipper\train\good\171.jpg,640,640
zipper,train,zipper\train\good\172.jpg,640,640
zipper,train,zipper\train\good\173.jpg,640,640
zipper,train,zipper\train\good\174.jpg,640,640
zipper,train,zipper\train\good\175.jpg,640,640
zipper,train,zipper\train\good\176.jpg,640,640
zipper,train,zipper\train\good\177.jpg,640,640
zipper,train,zipper\train\good\178.jpg,640,640
zipper,train,zipper\train\good\179.jpg,640,640
zipper,train,zipper\train\good\180.jpg,640,640
zipper,train,zipper\train\good\181.jpg,640,640
zipper,train,zipper\train\good\182.jpg,640,640
zipper,train,zipper\train\good\183.jpg,640,640
zipper,train,zipper\train\good\184.jpg,640,640
zipper,train,zipper\train\good\185.jpg,640,640
zipper,train,zipper\train\good\186.jpg,640,640
zipper,train,zipper\train\good\187.jpg,640,640
zipper,train,zipper\train\good\188.jpg,640,640
zipper,train,zipper\train\good\189.jpg,640,640
zipper,train,zipper\train\good\190.jpg,640,640
zipper,train,zipper\train\good\191.jpg,640,640
zipper,train,zipper\train\good\192.jpg,640,640
zipper,train,zipper\train\good\193.jpg,640,640
zipper,train,zipper\train\good\194.jpg,640,640
zipper,train,zipper\train\good\195.jpg,640,640
zipper,train,zipper\train\good\196.jpg,640,640
zipper,train,zipper\train\good\197.jpg,640,640
zipper,train,zipper\train\good\198.jpg,640,640
zipper,train,zipper\train\good\199.jpg,640,640
zipper,train,zipper\train\good\200.jpg,640,640
zipper,train,zipper\train\good\201.jpg,640,640
zipper,train,zipper\train\good\202.jpg,640,640
zipper,train,zipper\train\good\203.jpg,640,640
zipper,train,zipper\train\good\204.jpg,640,640
zipper,train,zipper\train\good\205.jpg,640,640
zipper,train,zipper\train\good\206.jpg,640,640
zipper,train,zipper\train\good\207.jpg,640,640
zipper,train,zipper\train\good\208.jpg,640,640
zipper,train,zipper\train\good\209.jpg,640,640
zipper,train,zipper\train\good\210.jpg,640,640
zipper,train,zipper\train\good\211.jpg,640,640
zipper,train,zipper\train\good\212.jpg,640,640
zipper,train,zipper\train\good\213.jpg,640,640
zipper,train,zipper\train\good\214.jpg,640,640
zipper,train,zipper\train\good\215.jpg,640,640
zipper,train,zipper\train\good\216.jpg,640,640
zipper,train,zipper\train\good\217.jpg,640,640
zipper,train,zipper\train\good\218.jpg,640,640
zipper,train,zipper\train\good\219.jpg,640,640
zipper,train,zipper\train\good\220.jpg,640,640
zipper,train,zipper\train\good\221.jpg,640,640
zipper,train,zipper\train\good\222.jpg,640,640
zipper,train,zipper\train\good\223.jpg,640,640
zipper,train,zipper\train\good\224.jpg,640,640
zipper,train,zipper\train\good\225.jpg,640,640
zipper,train,zipper\train\good\226.jpg,640,640
zipper,train,zipper\train\good\227.jpg,640,640
zipper,train,zipper\train\good\228.jpg,640,640
zipper,train,zipper\train\good\229.jpg,640,640
zipper,train,zipper\train\good\230.jpg,640,640
zipper,train,zipper\train\good\231.jpg,640,640
zipper,train,zipper\train\good\232.jpg,640,640
zipper,train,zipper\train\good\233.jpg,640,640
zipper,train,zipper\train\good\234.jpg,640,640
zipper,train,zipper\train\good\235.jpg,640,640
zipper,train,zipper\train\good\236.jpg,640,640
zipper,train,zipper\train\good\237.jpg,640,640
zipper,train,zipper\train\good\238.jpg,640,640
zipper,train,zipper\train\good\239.jpg,640,640
